DROP DATABASE IF EXISTS vk;
CREATE DATABASE vk;
USE vk;

/*!40101 SET @OLD_CHARACTER_SET_CLIENT=@@CHARACTER_SET_CLIENT */;
/*!40101 SET @OLD_CHARACTER_SET_RESULTS=@@CHARACTER_SET_RESULTS */;
/*!40101 SET @OLD_COLLATION_CONNECTION=@@COLLATION_CONNECTION */;
/*!40101 SET NAMES utf8mb4 */;
/*!40103 SET @OLD_TIME_ZONE=@@TIME_ZONE */;
/*!40103 SET TIME_ZONE='+00:00' */;
/*!40014 SET @OLD_UNIQUE_CHECKS=@@UNIQUE_CHECKS, UNIQUE_CHECKS=0 */;
/*!40014 SET @OLD_FOREIGN_KEY_CHECKS=@@FOREIGN_KEY_CHECKS, FOREIGN_KEY_CHECKS=0 */;
/*!40101 SET @OLD_SQL_MODE=@@SQL_MODE, SQL_MODE='NO_AUTO_VALUE_ON_ZERO' */;
/*!40111 SET @OLD_SQL_NOTES=@@SQL_NOTES, SQL_NOTES=0 */;

--
-- Table structure for table `archive_photo`
--

DROP TABLE IF EXISTS `archive_photo`;
/*!40101 SET @saved_cs_client     = @@character_set_client */;
/*!40101 SET character_set_client = utf8 */;
CREATE TABLE `archive_photo` (
  `id` bigint(20) unsigned NOT NULL AUTO_INCREMENT,
  `album_id` bigint(20) unsigned NOT NULL,
  `media_id` bigint(20) unsigned NOT NULL,
  PRIMARY KEY (`id`),
  KEY `album_id` (`album_id`),
  KEY `media_id` (`media_id`),
  CONSTRAINT `archive_photo_ibfk_1` FOREIGN KEY (`album_id`) REFERENCES `photo_albums` (`id`) ON DELETE CASCADE ON UPDATE CASCADE,
  CONSTRAINT `archive_photo_ibfk_2` FOREIGN KEY (`media_id`) REFERENCES `media` (`id`) ON DELETE CASCADE ON UPDATE CASCADE
) ENGINE=InnoDB AUTO_INCREMENT=101 DEFAULT CHARSET=utf8mb4 COLLATE=utf8mb4_unicode_ci;
/*!40101 SET character_set_client = @saved_cs_client */;

--
-- Dumping data for table `archive_photo`
--

LOCK TABLES `archive_photo` WRITE;
/*!40000 ALTER TABLE `archive_photo` DISABLE KEYS */;
INSERT INTO `archive_photo` VALUES (1,1,1),(2,2,2),(3,3,3),(4,4,4),(5,5,5),(6,6,6),(7,7,7),(8,8,8),(9,9,9),(10,10,10),(11,11,11),(12,12,12),(13,13,13),(14,14,14),(15,15,15),(16,16,16),(17,17,17),(18,18,18),(19,19,19),(20,20,20),(21,21,21),(22,22,22),(23,23,23),(24,24,24),(25,25,25),(26,26,26),(27,27,27),(28,28,28),(29,29,29),(30,30,30),(31,31,31),(32,32,32),(33,33,33),(34,34,34),(35,35,35),(36,36,36),(37,37,37),(38,38,38),(39,39,39),(40,40,40),(41,41,41),(42,42,42),(43,43,43),(44,44,44),(45,45,45),(46,46,46),(47,47,47),(48,48,48),(49,49,49),(50,50,50),(51,51,51),(52,52,52),(53,53,53),(54,54,54),(55,55,55),(56,56,56),(57,57,57),(58,58,58),(59,59,59),(60,60,60),(61,61,61),(62,62,62),(63,63,63),(64,64,64),(65,65,65),(66,66,66),(67,67,67),(68,68,68),(69,69,69),(70,70,70),(71,71,71),(72,72,72),(73,73,73),(74,74,74),(75,75,75),(76,76,76),(77,77,77),(78,78,78),(79,79,79),(80,80,80),(81,81,81),(82,82,82),(83,83,83),(84,84,84),(85,85,85),(86,86,86),(87,87,87),(88,88,88),(89,89,89),(90,90,90),(91,91,91),(92,92,92),(93,93,93),(94,94,94),(95,95,95),(96,96,96),(97,97,97),(98,98,98),(99,99,99),(100,100,100);
/*!40000 ALTER TABLE `archive_photo` ENABLE KEYS */;
UNLOCK TABLES;

--
-- Table structure for table `communities`
--

DROP TABLE IF EXISTS `communities`;
/*!40101 SET @saved_cs_client     = @@character_set_client */;
/*!40101 SET character_set_client = utf8 */;
CREATE TABLE `communities` (
  `id` bigint(20) unsigned NOT NULL AUTO_INCREMENT,
  `name` varchar(150) COLLATE utf8mb4_unicode_ci DEFAULT NULL,
  `admin_user_id` bigint(20) unsigned DEFAULT NULL,
  PRIMARY KEY (`id`),
  KEY `communities_name_idx` (`name`),
  KEY `admin_user_id` (`admin_user_id`),
  CONSTRAINT `communities_ibfk_1` FOREIGN KEY (`admin_user_id`) REFERENCES `users` (`id`) ON DELETE SET NULL ON UPDATE CASCADE
) ENGINE=InnoDB AUTO_INCREMENT=101 DEFAULT CHARSET=utf8mb4 COLLATE=utf8mb4_unicode_ci;
/*!40101 SET character_set_client = @saved_cs_client */;

--
-- Dumping data for table `communities`
--

LOCK TABLES `communities` WRITE;
/*!40000 ALTER TABLE `communities` DISABLE KEYS */;
INSERT INTO `communities` VALUES (1,'sequi',1),(2,'et',2),(3,'distinctio',3),(4,'qui',4),(5,'sit',5),(6,'magnam',6),(7,'inventore',7),(8,'sunt',8),(9,'fugiat',9),(10,'id',10),(11,'fuga',11),(12,'praesentium',12),(13,'reprehenderit',13),(14,'eos',14),(15,'id',15),(16,'laudantium',16),(17,'veritatis',17),(18,'iusto',18),(19,'non',19),(20,'consequatur',20),(21,'et',21),(22,'nemo',22),(23,'sint',23),(24,'impedit',24),(25,'aut',25),(26,'dicta',26),(27,'quas',27),(28,'tenetur',28),(29,'non',29),(30,'dolore',30),(31,'asperiores',31),(32,'sapiente',32),(33,'ut',33),(34,'cumque',34),(35,'maiores',35),(36,'eos',36),(37,'dolores',37),(38,'officia',38),(39,'a',39),(40,'voluptatem',40),(41,'nihil',41),(42,'eius',42),(43,'culpa',43),(44,'delectus',44),(45,'quo',45),(46,'iste',46),(47,'ex',47),(48,'ipsum',48),(49,'qui',49),(50,'libero',50),(51,'provident',51),(52,'velit',52),(53,'et',53),(54,'possimus',54),(55,'facilis',55),(56,'est',56),(57,'qui',57),(58,'unde',58),(59,'quasi',59),(60,'quas',60),(61,'velit',61),(62,'qui',62),(63,'eos',63),(64,'ut',64),(65,'harum',65),(66,'nisi',66),(67,'est',67),(68,'amet',68),(69,'distinctio',69),(70,'assumenda',70),(71,'nostrum',71),(72,'tenetur',72),(73,'repellendus',73),(74,'quisquam',74),(75,'ab',75),(76,'repudiandae',76),(77,'ad',77),(78,'voluptate',78),(79,'alias',79),(80,'modi',80),(81,'fugit',81),(82,'repudiandae',82),(83,'quam',83),(84,'aut',84),(85,'minima',85),(86,'voluptates',86),(87,'asperiores',87),(88,'accusantium',88),(89,'incidunt',89),(90,'quibusdam',90),(91,'occaecati',91),(92,'expedita',92),(93,'ea',93),(94,'et',94),(95,'sed',95),(96,'ipsa',96),(97,'excepturi',97),(98,'accusamus',98),(99,'incidunt',99),(100,'velit',100);
/*!40000 ALTER TABLE `communities` ENABLE KEYS */;
UNLOCK TABLES;

--
-- Table structure for table `dislikes`
--

DROP TABLE IF EXISTS `dislikes`;
/*!40101 SET @saved_cs_client     = @@character_set_client */;
/*!40101 SET character_set_client = utf8 */;
CREATE TABLE `dislikes` (
  `id` bigint(20) unsigned NOT NULL AUTO_INCREMENT,
  `user_id` bigint(20) unsigned NOT NULL,
  `media_id` bigint(20) unsigned NOT NULL,
  `created_at` datetime DEFAULT current_timestamp(),
  PRIMARY KEY (`id`),
  KEY `user_id` (`user_id`),
  KEY `media_id` (`media_id`),
  CONSTRAINT `dislikes_ibfk_1` FOREIGN KEY (`user_id`) REFERENCES `users` (`id`) ON DELETE CASCADE ON UPDATE CASCADE,
  CONSTRAINT `dislikes_ibfk_2` FOREIGN KEY (`media_id`) REFERENCES `media` (`id`) ON DELETE CASCADE ON UPDATE CASCADE
) ENGINE=InnoDB AUTO_INCREMENT=101 DEFAULT CHARSET=utf8mb4 COLLATE=utf8mb4_unicode_ci;
/*!40101 SET character_set_client = @saved_cs_client */;

--
-- Dumping data for table `dislikes`
--

LOCK TABLES `dislikes` WRITE;
/*!40000 ALTER TABLE `dislikes` DISABLE KEYS */;
INSERT INTO `dislikes` VALUES (1,1,1,'2018-05-14 03:24:11'),(2,2,2,'1995-08-03 08:29:31'),(3,3,3,'2013-05-05 18:28:28'),(4,4,4,'1970-12-20 06:32:32'),(5,5,5,'1973-10-20 04:57:09'),(6,6,6,'1988-11-19 11:27:36'),(7,7,7,'1970-09-09 11:42:27'),(8,8,8,'1996-10-12 07:11:46'),(9,9,9,'1972-01-13 12:28:11'),(10,10,10,'2005-12-29 09:27:45'),(11,11,11,'2003-06-09 08:00:46'),(12,12,12,'1987-02-10 09:07:45'),(13,13,13,'1987-03-13 14:01:51'),(14,14,14,'1987-02-23 22:42:44'),(15,15,15,'1999-10-20 04:15:49'),(16,16,16,'2021-05-30 07:52:34'),(17,17,17,'1971-09-19 14:04:06'),(18,18,18,'1977-01-01 09:13:06'),(19,19,19,'1984-02-17 07:47:29'),(20,20,20,'1983-12-12 11:03:57'),(21,21,21,'2006-12-23 13:59:36'),(22,22,22,'1971-03-08 12:03:30'),(23,23,23,'1974-09-22 18:36:26'),(24,24,24,'1989-09-17 12:25:23'),(25,25,25,'1985-09-02 18:33:20'),(26,26,26,'1982-04-05 18:43:00'),(27,27,27,'1984-12-01 22:07:26'),(28,28,28,'2019-10-15 00:32:36'),(29,29,29,'1988-05-01 16:05:38'),(30,30,30,'1993-08-30 15:32:15'),(31,31,31,'2004-10-22 01:26:06'),(32,32,32,'1978-08-12 17:15:29'),(33,33,33,'1991-10-20 12:09:49'),(34,34,34,'1992-10-05 17:06:35'),(35,35,35,'1977-06-16 00:57:21'),(36,36,36,'1972-07-22 19:29:20'),(37,37,37,'1998-06-17 19:54:03'),(38,38,38,'2019-02-28 05:18:31'),(39,39,39,'1977-07-09 13:38:43'),(40,40,40,'1975-03-20 06:35:37'),(41,41,41,'2006-07-30 01:58:26'),(42,42,42,'1971-06-04 22:37:23'),(43,43,43,'1981-07-14 10:00:37'),(44,44,44,'1989-08-05 17:18:54'),(45,45,45,'1984-02-02 02:11:57'),(46,46,46,'2012-09-05 23:13:33'),(47,47,47,'2011-04-01 23:51:27'),(48,48,48,'2009-02-25 03:01:51'),(49,49,49,'2002-10-20 16:19:59'),(50,50,50,'1995-03-10 08:39:15'),(51,51,51,'2001-03-01 06:26:48'),(52,52,52,'2015-02-04 18:18:12'),(53,53,53,'1981-03-02 06:21:50'),(54,54,54,'1996-07-21 12:20:17'),(55,55,55,'1984-09-20 19:44:08'),(56,56,56,'2000-06-20 23:21:55'),(57,57,57,'2013-06-06 03:02:52'),(58,58,58,'2014-12-24 16:09:00'),(59,59,59,'1974-11-09 04:30:30'),(60,60,60,'1971-01-31 06:12:21'),(61,61,61,'1990-03-12 01:36:10'),(62,62,62,'1988-08-16 02:30:56'),(63,63,63,'1994-12-04 02:48:37'),(64,64,64,'1993-01-23 14:03:10'),(65,65,65,'1989-07-25 11:50:09'),(66,66,66,'1989-12-15 05:09:55'),(67,67,67,'2018-08-23 12:51:55'),(68,68,68,'1991-04-19 20:04:26'),(69,69,69,'2003-06-22 07:50:56'),(70,70,70,'1982-01-02 15:07:58'),(71,71,71,'2020-11-26 16:35:41'),(72,72,72,'2010-11-04 08:37:54'),(73,73,73,'1972-03-12 19:28:33'),(74,74,74,'2014-01-04 22:28:22'),(75,75,75,'2009-10-01 22:56:10'),(76,76,76,'1991-08-09 15:00:33'),(77,77,77,'1972-08-05 05:37:59'),(78,78,78,'1974-03-06 14:07:25'),(79,79,79,'1975-02-19 17:13:50'),(80,80,80,'1998-07-16 21:12:47'),(81,81,81,'2003-08-05 18:24:21'),(82,82,82,'1996-01-14 02:18:36'),(83,83,83,'2019-11-18 19:06:09'),(84,84,84,'1994-05-25 22:42:49'),(85,85,85,'1985-03-13 08:46:38'),(86,86,86,'2008-06-12 03:02:15'),(87,87,87,'2019-01-22 08:21:29'),(88,88,88,'2017-06-28 23:22:11'),(89,89,89,'2001-06-08 00:55:08'),(90,90,90,'2019-06-30 09:07:02'),(91,91,91,'1997-06-06 02:49:20'),(92,92,92,'1990-01-15 01:18:27'),(93,93,93,'1979-11-17 15:54:21'),(94,94,94,'1993-10-13 01:15:15'),(95,95,95,'1980-04-13 12:42:28'),(96,96,96,'1987-02-24 05:49:11'),(97,97,97,'2007-08-11 20:35:14'),(98,98,98,'2019-03-16 14:14:23'),(99,99,99,'1999-03-12 08:28:29'),(100,100,100,'1976-11-29 18:32:05');
/*!40000 ALTER TABLE `dislikes` ENABLE KEYS */;
UNLOCK TABLES;

--
-- Table structure for table `friend_requests`
--

DROP TABLE IF EXISTS `friend_requests`;
/*!40101 SET @saved_cs_client     = @@character_set_client */;
/*!40101 SET character_set_client = utf8 */;
CREATE TABLE `friend_requests` (
  `initiator_user_id` bigint(20) unsigned NOT NULL,
  `target_user_id` bigint(20) unsigned NOT NULL,
  `status` enum('requested','approved','declined','unfriended') COLLATE utf8mb4_unicode_ci DEFAULT NULL,
  `requested_at` datetime DEFAULT current_timestamp(),
  `updated_at` datetime DEFAULT NULL ON UPDATE current_timestamp(),
  PRIMARY KEY (`initiator_user_id`,`target_user_id`),
  KEY `target_user_id` (`target_user_id`),
  CONSTRAINT `friend_requests_ibfk_1` FOREIGN KEY (`initiator_user_id`) REFERENCES `users` (`id`) ON DELETE CASCADE ON UPDATE CASCADE,
  CONSTRAINT `friend_requests_ibfk_2` FOREIGN KEY (`target_user_id`) REFERENCES `users` (`id`) ON DELETE CASCADE ON UPDATE CASCADE
) ENGINE=InnoDB DEFAULT CHARSET=utf8mb4 COLLATE=utf8mb4_unicode_ci;
/*!40101 SET character_set_client = @saved_cs_client */;

--
-- Dumping data for table `friend_requests`
--

LOCK TABLES `friend_requests` WRITE;
/*!40000 ALTER TABLE `friend_requests` DISABLE KEYS */;
INSERT INTO `friend_requests` VALUES (1,1,'approved','1982-06-28 21:00:17','2002-02-17 19:27:35'),(2,2,'requested','1991-08-09 01:29:47','1979-03-09 22:35:23'),(3,3,'declined','2009-04-18 04:26:46','1985-12-04 20:36:47'),(4,4,'approved','2002-06-25 10:12:47','1979-05-22 08:03:46'),(5,5,'requested','2011-02-10 05:45:53','2006-02-08 22:37:03'),(6,6,'requested','1994-04-27 04:47:00','1986-08-08 22:03:23'),(7,7,'unfriended','1974-10-30 10:19:45','2011-12-28 07:50:54'),(8,8,'requested','2012-03-30 23:49:39','1997-02-25 14:49:13'),(9,9,'approved','1983-03-20 10:24:06','2001-09-10 19:52:14'),(10,10,'requested','1976-05-04 12:52:36','2009-07-20 19:28:04'),(11,11,'approved','1982-10-27 10:41:33','1971-10-07 17:33:46'),(12,12,'unfriended','2020-03-08 19:52:21','2005-08-06 23:32:32'),(13,13,'approved','2018-07-01 14:28:41','1992-08-30 07:44:41'),(14,14,'declined','1997-12-21 01:18:17','1998-02-11 19:52:41'),(15,15,'approved','2011-06-28 08:21:08','1992-08-09 00:26:00'),(16,16,'unfriended','1977-06-30 02:06:11','1999-05-04 08:39:02'),(17,17,'unfriended','1981-04-10 13:34:40','2001-07-07 10:09:49'),(18,18,'declined','2020-05-14 05:05:08','1996-09-07 15:02:34'),(19,19,'declined','1973-10-17 11:39:21','1993-06-27 15:33:10'),(20,20,'unfriended','1999-04-17 03:58:58','1994-01-13 18:28:43'),(21,21,'declined','1979-03-11 01:54:31','2016-08-18 07:29:02'),(22,22,'requested','2018-09-24 09:07:09','2019-06-06 17:10:50'),(23,23,'declined','1994-12-29 09:08:42','1973-07-20 02:12:07'),(24,24,'requested','1980-09-28 19:05:50','1973-02-11 08:56:34'),(25,25,'requested','2013-05-23 04:04:38','1980-02-07 02:22:31'),(26,26,'requested','1997-10-02 14:30:30','1993-08-19 12:38:31'),(27,27,'requested','1993-08-04 20:15:03','2019-08-17 16:03:38'),(28,28,'declined','1977-07-30 12:54:31','2011-11-29 17:06:55'),(29,29,'unfriended','2022-04-04 21:32:47','1987-07-06 04:29:47'),(30,30,'declined','1978-11-26 08:02:17','1981-05-23 19:18:12'),(31,31,'declined','2018-01-21 01:14:15','1994-09-16 13:36:08'),(32,32,'approved','1998-09-24 16:57:32','1976-02-24 22:33:43'),(33,33,'approved','2016-10-03 03:19:47','1989-04-16 01:37:17'),(34,34,'approved','1976-04-22 18:43:06','2020-12-15 16:11:47'),(35,35,'approved','2017-01-09 04:28:06','1990-01-07 15:02:09'),(36,36,'unfriended','2003-08-18 19:26:03','1986-09-22 20:43:26'),(37,37,'approved','1982-08-30 01:32:36','1975-07-08 22:20:00'),(38,38,'declined','1988-10-08 08:37:39','2011-04-09 11:12:10'),(39,39,'requested','1998-11-20 17:41:55','1994-10-02 10:07:48'),(40,40,'requested','2011-02-24 12:48:42','1981-02-17 05:31:32'),(41,41,'declined','1998-09-20 12:08:41','1985-08-01 12:32:55'),(42,42,'requested','1997-09-05 22:49:12','1992-10-30 16:33:25'),(43,43,'declined','1998-04-01 20:42:20','1989-08-24 15:32:51'),(44,44,'requested','2019-07-13 21:41:59','1972-08-26 00:05:55'),(45,45,'approved','1988-03-27 16:31:31','2019-09-19 02:27:45'),(46,46,'approved','2009-09-30 16:23:36','2012-04-30 16:18:30'),(47,47,'requested','2009-04-28 15:54:49','2004-03-10 09:24:16'),(48,48,'unfriended','1991-05-02 20:07:16','1987-09-19 02:49:25'),(49,49,'approved','1993-12-09 06:49:02','1981-04-23 16:50:01'),(50,50,'unfriended','2005-05-12 08:03:57','1976-11-17 23:10:15'),(51,51,'unfriended','1995-04-13 11:05:20','1980-03-04 23:09:04'),(52,52,'approved','2013-09-24 12:40:47','1995-11-19 14:19:08'),(53,53,'requested','1983-05-03 09:03:12','2018-01-20 05:31:20'),(54,54,'unfriended','2005-11-28 19:09:21','2014-09-14 12:26:03'),(55,55,'unfriended','2016-07-04 01:33:56','1975-05-25 22:16:40'),(56,56,'declined','2021-12-07 07:06:34','1974-01-09 09:42:53'),(57,57,'unfriended','1983-03-20 06:58:45','2005-12-30 17:39:59'),(58,58,'unfriended','1985-04-15 16:39:47','2006-03-20 03:01:23'),(59,59,'requested','1989-02-16 15:46:17','1999-03-23 11:04:49'),(60,60,'unfriended','1987-08-13 08:38:00','2017-07-26 19:34:33'),(61,61,'unfriended','1989-05-11 00:43:17','2006-06-29 03:46:35'),(62,62,'requested','1990-06-11 22:00:43','2001-01-12 20:40:10'),(63,63,'declined','1977-07-12 13:03:34','1974-06-07 07:07:34'),(64,64,'requested','1982-12-27 15:37:08','1974-10-11 03:54:27'),(65,65,'declined','1979-02-19 06:32:36','1987-06-15 00:17:57'),(66,66,'requested','1981-10-27 02:28:19','1981-03-13 03:25:51'),(67,67,'unfriended','2014-02-01 01:09:17','1970-11-16 18:46:48'),(68,68,'unfriended','2007-10-14 08:30:13','1997-04-24 03:39:04'),(69,69,'declined','2001-05-02 22:23:53','1971-10-16 09:52:03'),(70,70,'approved','1999-03-22 09:03:02','2011-12-09 07:29:47'),(71,71,'unfriended','2013-01-15 22:32:02','2002-06-12 01:14:19'),(72,72,'declined','1975-04-09 21:12:52','1991-12-10 20:34:21'),(73,73,'requested','2020-03-04 18:28:15','1991-05-28 06:21:20'),(74,74,'approved','1973-12-21 22:43:15','2021-02-26 07:37:14'),(75,75,'requested','1979-02-01 18:26:38','2014-09-24 09:38:43'),(76,76,'unfriended','2013-07-09 12:26:51','1974-05-28 19:32:36'),(77,77,'declined','2010-03-11 14:49:17','1970-05-26 16:13:15'),(78,78,'requested','2007-01-05 13:16:12','1973-04-26 17:27:00'),(79,79,'unfriended','1984-11-01 11:55:27','2007-02-02 16:00:43'),(80,80,'declined','1970-08-18 07:51:26','2017-07-09 23:35:41'),(81,81,'declined','2017-04-09 15:46:29','2001-11-25 06:27:18'),(82,82,'unfriended','2007-09-28 16:14:04','1988-06-01 20:13:35'),(83,83,'requested','2013-09-11 19:12:49','1971-12-17 12:18:00'),(84,84,'declined','1996-12-29 15:40:40','2000-12-20 13:41:14'),(85,85,'unfriended','2002-10-19 01:23:43','1975-01-04 00:29:07'),(86,86,'unfriended','2005-01-03 01:21:01','1974-01-30 13:07:20'),(87,87,'declined','2006-11-17 09:46:38','1970-11-16 19:12:38'),(88,88,'requested','2004-11-07 17:11:21','1998-04-14 14:37:23'),(89,89,'unfriended','1980-06-30 11:56:50','2010-11-30 12:14:17'),(90,90,'requested','2017-02-14 01:39:03','2001-03-24 11:13:46'),(91,91,'requested','1993-01-21 05:52:02','2013-11-24 17:31:47'),(92,92,'requested','1990-03-08 18:41:10','1986-12-28 08:21:36'),(93,93,'declined','1979-04-07 06:46:58','2015-08-22 06:15:19'),(94,94,'approved','1981-03-06 08:14:10','1975-01-19 03:43:07'),(95,95,'unfriended','2008-03-05 17:54:05','1991-12-07 06:58:09'),(96,96,'requested','2016-06-22 05:31:04','2010-02-15 20:55:54'),(97,97,'unfriended','2008-06-12 10:52:33','2013-02-04 21:12:08'),(98,98,'unfriended','1972-10-21 01:39:54','2021-07-02 08:17:58'),(99,99,'approved','2004-01-29 15:42:02','1977-03-04 10:05:30'),(100,100,'approved','2006-07-28 23:51:29','1972-07-06 01:21:45');
/*!40000 ALTER TABLE `friend_requests` ENABLE KEYS */;
UNLOCK TABLES;

--
-- Table structure for table `likes`
--

DROP TABLE IF EXISTS `likes`;
/*!40101 SET @saved_cs_client     = @@character_set_client */;
/*!40101 SET character_set_client = utf8 */;
CREATE TABLE `likes` (
  `id` bigint(20) unsigned NOT NULL AUTO_INCREMENT,
  `user_id` bigint(20) unsigned NOT NULL,
  `media_id` bigint(20) unsigned NOT NULL,
  `created_at` datetime DEFAULT current_timestamp(),
  PRIMARY KEY (`id`),
  KEY `user_id` (`user_id`),
  KEY `media_id` (`media_id`),
  CONSTRAINT `likes_ibfk_1` FOREIGN KEY (`user_id`) REFERENCES `users` (`id`) ON DELETE CASCADE ON UPDATE CASCADE,
  CONSTRAINT `likes_ibfk_2` FOREIGN KEY (`media_id`) REFERENCES `media` (`id`) ON DELETE CASCADE ON UPDATE CASCADE
) ENGINE=InnoDB AUTO_INCREMENT=101 DEFAULT CHARSET=utf8mb4 COLLATE=utf8mb4_unicode_ci;
/*!40101 SET character_set_client = @saved_cs_client */;

--
-- Dumping data for table `likes`
--

LOCK TABLES `likes` WRITE;
/*!40000 ALTER TABLE `likes` DISABLE KEYS */;
INSERT INTO `likes` VALUES (1,1,1,'2003-03-17 04:47:50'),(2,2,2,'1974-08-30 14:11:57'),(3,3,3,'2003-02-08 22:14:16'),(4,4,4,'2003-06-10 22:35:36'),(5,5,5,'2011-02-15 03:51:59'),(6,6,6,'1994-07-06 02:07:14'),(7,7,7,'2017-04-27 08:11:27'),(8,8,8,'2020-05-11 07:46:15'),(9,9,9,'1989-05-24 09:40:05'),(10,10,10,'1970-08-05 01:07:13'),(11,11,11,'2018-02-04 14:32:01'),(12,12,12,'1983-08-31 04:29:02'),(13,13,13,'1973-12-10 17:22:38'),(14,14,14,'1986-11-27 14:14:22'),(15,15,15,'1996-04-11 22:22:25'),(16,16,16,'1973-05-28 06:41:47'),(17,17,17,'1988-01-15 09:29:17'),(18,18,18,'1991-06-28 18:54:23'),(19,19,19,'1979-12-30 13:46:42'),(20,20,20,'2020-09-08 02:42:35'),(21,21,21,'2013-07-26 13:35:25'),(22,22,22,'2016-06-24 14:36:01'),(23,23,23,'2017-08-28 17:19:51'),(24,24,24,'1975-04-11 20:02:23'),(25,25,25,'2016-06-09 15:14:04'),(26,26,26,'1977-01-10 11:30:49'),(27,27,27,'2021-11-23 12:19:35'),(28,28,28,'1997-12-26 17:14:20'),(29,29,29,'2017-07-11 04:12:08'),(30,30,30,'1975-06-11 08:20:52'),(31,31,31,'1979-06-29 21:15:58'),(32,32,32,'1981-11-25 10:40:03'),(33,33,33,'1988-12-05 08:27:49'),(34,34,34,'1983-06-30 10:45:10'),(35,35,35,'2002-04-22 18:31:12'),(36,36,36,'2002-07-17 05:33:25'),(37,37,37,'1983-10-29 21:02:54'),(38,38,38,'2020-10-25 04:19:35'),(39,39,39,'2002-08-11 01:35:44'),(40,40,40,'2003-04-28 07:07:17'),(41,41,41,'2004-05-01 12:17:29'),(42,42,42,'2007-09-21 15:33:29'),(43,43,43,'1981-06-28 07:58:57'),(44,44,44,'1972-06-02 10:13:01'),(45,45,45,'1975-01-04 00:37:54'),(46,46,46,'1991-03-31 05:24:11'),(47,47,47,'1993-01-27 10:04:37'),(48,48,48,'1980-03-20 18:34:49'),(49,49,49,'2017-09-27 08:59:00'),(50,50,50,'1974-02-22 07:26:13'),(51,51,51,'2017-04-03 01:42:47'),(52,52,52,'2010-06-16 20:43:26'),(53,53,53,'1980-04-02 09:59:47'),(54,54,54,'1977-07-13 17:19:43'),(55,55,55,'2010-10-18 02:05:42'),(56,56,56,'1996-03-02 10:01:30'),(57,57,57,'1989-11-11 07:51:08'),(58,58,58,'1988-07-09 06:44:53'),(59,59,59,'1998-02-24 12:42:32'),(60,60,60,'2007-05-24 14:08:07'),(61,61,61,'2008-12-05 00:00:28'),(62,62,62,'1995-10-09 11:11:48'),(63,63,63,'1999-11-20 07:42:00'),(64,64,64,'2001-04-23 21:49:29'),(65,65,65,'1993-04-17 01:42:21'),(66,66,66,'2006-02-22 17:41:53'),(67,67,67,'2000-10-14 21:30:38'),(68,68,68,'1975-05-15 20:28:13'),(69,69,69,'1985-04-06 07:38:52'),(70,70,70,'2003-06-03 00:57:08'),(71,71,71,'2010-01-30 20:41:34'),(72,72,72,'2011-09-23 09:35:27'),(73,73,73,'2015-07-20 19:32:20'),(74,74,74,'1985-05-28 10:10:49'),(75,75,75,'1978-02-16 00:17:08'),(76,76,76,'1984-05-28 09:36:05'),(77,77,77,'1976-02-24 20:56:28'),(78,78,78,'2009-07-25 14:06:24'),(79,79,79,'2012-08-22 19:40:27'),(80,80,80,'1981-02-06 11:22:39'),(81,81,81,'1987-12-16 02:34:10'),(82,82,82,'1991-07-26 18:43:33'),(83,83,83,'1972-07-02 01:47:05'),(84,84,84,'2009-12-30 12:17:29'),(85,85,85,'2011-03-30 09:42:53'),(86,86,86,'1993-04-16 17:52:53'),(87,87,87,'2021-12-24 14:18:34'),(88,88,88,'2013-02-16 08:42:53'),(89,89,89,'1994-12-31 10:03:39'),(90,90,90,'2018-12-06 15:01:51'),(91,91,91,'1975-10-06 16:08:52'),(92,92,92,'1972-07-02 04:50:23'),(93,93,93,'1999-12-18 09:21:09'),(94,94,94,'2008-08-10 09:02:23'),(95,95,95,'1993-11-16 14:06:37'),(96,96,96,'1985-09-03 03:14:42'),(97,97,97,'2015-03-20 00:27:44'),(98,98,98,'1983-02-11 09:20:20'),(99,99,99,'1995-11-30 16:18:52'),(100,100,100,'1986-08-22 20:16:18');
/*!40000 ALTER TABLE `likes` ENABLE KEYS */;
UNLOCK TABLES;

--
-- Table structure for table `media`
--

DROP TABLE IF EXISTS `media`;
/*!40101 SET @saved_cs_client     = @@character_set_client */;
/*!40101 SET character_set_client = utf8 */;
CREATE TABLE `media` (
  `id` bigint(20) unsigned NOT NULL AUTO_INCREMENT,
  `media_type_id` bigint(20) unsigned DEFAULT NULL,
  `user_id` bigint(20) unsigned NOT NULL,
  `body` text COLLATE utf8mb4_unicode_ci DEFAULT NULL,
  `filename` varchar(255) COLLATE utf8mb4_unicode_ci DEFAULT NULL,
  `size` int(11) DEFAULT NULL,
  `metadata` longtext CHARACTER SET utf8mb4 COLLATE utf8mb4_bin DEFAULT NULL CHECK (json_valid(`metadata`)),
  `created_at` datetime DEFAULT current_timestamp(),
  `updated_at` datetime DEFAULT current_timestamp() ON UPDATE current_timestamp(),
  PRIMARY KEY (`id`),
  KEY `user_id` (`user_id`),
  KEY `media_type_id` (`media_type_id`),
  CONSTRAINT `media_ibfk_1` FOREIGN KEY (`user_id`) REFERENCES `users` (`id`) ON DELETE CASCADE ON UPDATE CASCADE,
  CONSTRAINT `media_ibfk_2` FOREIGN KEY (`media_type_id`) REFERENCES `media_types` (`id`) ON DELETE SET NULL ON UPDATE CASCADE
) ENGINE=InnoDB AUTO_INCREMENT=5 DEFAULT CHARSET=utf8mb4 COLLATE=utf8mb4_unicode_ci;
/*!40101 SET character_set_client = @saved_cs_client */;

--
-- Dumping data for table `media`
--

LOCK TABLES `media` WRITE;
/*!40000 ALTER TABLE `media` DISABLE KEYS */;
INSERT INTO `media` VALUES (1,1,1,'Rerum voluptas aut quo assumenda earum velit. Nisi error cumque quas in quia. Incidunt aut esse incidunt quos ratione id eligendi dolores.','iste',79,NULL,'2019-11-18 14:32:45','1986-09-17 06:09:47'),(2,2,2,'Suscipit labore sit qui distinctio voluptatem ab eligendi. Ullam corporis laudantium dicta ut tenetur repellendus unde ipsa. Consectetur ullam dicta reiciendis esse adipisci ex alias. Facere non sed animi. Illum similique soluta et voluptate facere voluptate.','aspernatur',6,NULL,'1985-12-03 18:09:11','1972-02-08 09:35:07'),(3,3,3,'Tenetur sed est amet ipsum. Perferendis et perspiciatis sunt. Excepturi cumque accusantium alias facere dolores voluptas. Non odit enim corrupti odio et et ut aperiam.','voluptatem',61,NULL,'1998-01-03 12:11:58','2014-06-18 08:36:28'),(4,4,4,'Exercitationem eaque inventore quo ut. Nam ex aliquid in aut. Qui exercitationem in quaerat.','minus',583,NULL,'1989-06-01 10:33:59','2011-11-21 21:07:55');
/*!40000 ALTER TABLE `media` ENABLE KEYS */;
UNLOCK TABLES;

--
-- Table structure for table `media_types`
--

DROP TABLE IF EXISTS `media_types`;
/*!40101 SET @saved_cs_client     = @@character_set_client */;
/*!40101 SET character_set_client = utf8 */;
CREATE TABLE `media_types` (
  `id` bigint(20) unsigned NOT NULL AUTO_INCREMENT,
  `name` varchar(255) COLLATE utf8mb4_unicode_ci DEFAULT NULL,
  `created_at` datetime DEFAULT current_timestamp(),
  `updated_at` datetime DEFAULT current_timestamp() ON UPDATE current_timestamp(),
  PRIMARY KEY (`id`)
) ENGINE=InnoDB AUTO_INCREMENT=101 DEFAULT CHARSET=utf8mb4 COLLATE=utf8mb4_unicode_ci;
/*!40101 SET character_set_client = @saved_cs_client */;

--
-- Dumping data for table `media_types`
--

LOCK TABLES `media_types` WRITE;
/*!40000 ALTER TABLE `media_types` DISABLE KEYS */;
INSERT INTO `media_types` VALUES (1,'consequatur','1975-01-28 00:58:36','2010-07-02 23:00:07'),(2,'nobis','1974-02-02 10:47:42','1975-09-12 18:43:35'),(3,'eos','2014-11-21 08:54:17','1974-03-23 15:37:26'),(4,'eius','1974-11-25 02:25:55','1997-09-04 14:43:04'),(5,'sequi','1970-05-09 01:41:42','2000-04-19 11:13:55'),(6,'sit','1995-06-22 19:20:32','1987-08-24 01:55:29'),(7,'ratione','2009-06-08 16:54:53','2003-02-12 13:43:46'),(8,'quae','2019-06-06 09:51:30','1978-01-13 11:26:38'),(9,'ducimus','1979-10-08 04:11:50','2018-09-01 16:10:58'),(10,'rerum','1974-06-20 21:07:29','1987-10-20 23:55:22'),(11,'saepe','2015-10-02 04:25:12','1973-04-12 18:07:01'),(12,'aspernatur','1976-10-21 11:59:05','2020-02-16 11:23:54'),(13,'sit','2018-11-05 17:12:58','2003-07-26 11:36:41'),(14,'laboriosam','2017-09-24 08:39:02','1994-01-15 04:01:13'),(15,'sit','1992-01-23 06:37:18','1989-04-08 13:02:58'),(16,'commodi','1996-05-06 17:42:52','2014-07-16 11:29:01'),(17,'laboriosam','2008-08-07 04:56:53','1996-09-10 00:41:51'),(18,'voluptates','1977-01-03 05:06:14','2004-04-16 01:34:06'),(19,'quo','2012-07-29 02:36:20','2007-09-07 04:56:43'),(20,'cupiditate','2018-02-11 19:58:49','1987-09-27 19:22:29'),(21,'porro','2003-04-11 18:11:44','1995-05-24 11:50:01'),(22,'omnis','2014-10-23 16:41:21','2013-05-07 04:05:57'),(23,'magni','1975-12-17 22:54:18','2021-03-18 04:59:38'),(24,'in','1985-05-07 13:58:46','2007-04-14 06:06:49'),(25,'repellendus','2011-02-28 01:32:56','1997-02-27 14:37:33'),(26,'nam','1973-01-08 08:29:07','2005-06-24 09:50:06'),(27,'voluptas','1984-06-18 04:00:34','2019-10-26 08:06:14'),(28,'fuga','2009-08-04 23:59:24','2011-01-03 04:19:11'),(29,'aut','1997-02-09 18:17:16','1988-12-20 02:47:38'),(30,'dolores','2010-10-05 20:41:37','1979-01-30 20:57:37'),(31,'culpa','1978-10-23 18:32:26','1994-08-10 13:05:50'),(32,'deserunt','2001-10-09 14:41:45','2000-08-02 03:37:39'),(33,'voluptas','1986-12-27 07:25:34','1975-04-20 01:39:01'),(34,'neque','2000-08-26 09:03:34','2003-10-18 20:52:58'),(35,'ea','1977-01-18 14:37:56','1975-02-10 05:07:47'),(36,'optio','1987-04-27 07:37:14','1981-01-05 01:06:59'),(37,'ut','2003-02-14 19:54:51','2000-09-15 16:20:57'),(38,'non','1998-01-11 01:26:18','1993-09-09 20:59:03'),(39,'quo','2020-02-04 01:31:46','2012-09-27 23:00:19'),(40,'dolor','1993-09-04 07:43:01','2010-05-31 10:03:04'),(41,'aut','1983-01-25 09:11:51','1982-03-19 14:18:41'),(42,'quod','2018-04-03 22:28:46','2010-02-01 17:24:54'),(43,'aliquid','2019-06-12 14:56:37','1988-10-16 23:20:49'),(44,'et','2005-09-19 19:03:51','1993-08-20 11:58:56'),(45,'unde','2012-06-19 12:36:25','1997-07-30 12:04:23'),(46,'quis','1983-12-03 14:13:37','2006-07-16 20:59:20'),(47,'sint','1985-06-15 11:18:23','1972-04-05 06:29:05'),(48,'sit','1987-10-12 05:43:59','1996-01-16 17:46:39'),(49,'sit','1982-10-11 06:21:45','2006-07-17 19:07:39'),(50,'dolorum','1997-05-12 18:59:36','2017-05-19 07:16:40'),(51,'vel','2000-03-27 03:14:08','2015-05-07 05:22:25'),(52,'sed','1993-05-18 19:52:35','2017-01-24 08:38:46'),(53,'molestias','1987-10-10 13:08:26','1992-12-04 16:35:18'),(54,'voluptatibus','1972-07-29 07:01:42','2014-01-13 21:20:48'),(55,'alias','2004-09-09 18:45:09','1987-06-29 15:50:30'),(56,'reprehenderit','1994-12-01 08:57:47','2001-12-12 08:04:14'),(57,'ea','1983-04-24 07:47:43','2003-11-08 23:27:33'),(58,'qui','1973-08-02 03:40:25','1974-04-21 03:43:33'),(59,'impedit','2008-02-25 05:02:19','1977-07-09 03:33:08'),(60,'sapiente','1971-01-24 17:03:17','1972-10-04 09:15:07'),(61,'dolores','1991-03-11 20:43:34','1995-06-28 13:10:33'),(62,'et','2013-06-03 17:25:35','2017-12-23 14:33:22'),(63,'officiis','1975-08-29 23:02:11','1984-04-13 11:13:39'),(64,'sed','2012-02-27 22:22:19','1982-02-08 20:14:35'),(65,'dolorem','2002-11-29 03:58:12','2020-01-28 18:12:58'),(66,'hic','1985-12-16 06:27:03','1974-11-09 13:16:38'),(67,'eius','2019-02-10 20:16:53','2006-06-04 06:21:09'),(68,'laborum','1998-12-03 02:01:48','2002-03-28 09:52:44'),(69,'minus','1983-09-05 07:55:31','1975-10-31 10:19:54'),(70,'culpa','2017-03-26 13:17:09','1992-10-03 20:46:14'),(71,'quasi','1995-11-25 21:08:42','1989-01-23 23:54:27'),(72,'cumque','2021-02-26 21:21:22','2006-07-03 18:57:46'),(73,'cupiditate','1979-02-16 23:03:35','1975-08-19 20:12:51'),(74,'est','1983-06-16 04:01:12','2011-06-15 23:53:41'),(75,'eveniet','1973-04-24 09:37:44','2001-06-18 07:59:15'),(76,'voluptates','1999-05-05 17:37:24','2005-12-08 22:03:08'),(77,'soluta','2017-08-12 05:13:55','1995-12-03 03:54:06'),(78,'asperiores','1984-07-06 13:33:39','1986-04-16 01:59:51'),(79,'consequuntur','1994-04-28 01:21:05','2014-11-11 03:27:17'),(80,'ea','2000-01-30 19:14:16','2014-01-08 19:15:26'),(81,'et','2015-02-04 03:05:30','1998-10-24 18:05:54'),(82,'velit','2008-07-15 20:28:20','2012-12-20 18:18:57'),(83,'dolor','1983-09-19 13:52:56','2003-01-30 16:34:40'),(84,'qui','1984-12-23 09:02:30','1973-12-25 21:53:33'),(85,'quod','2019-12-22 17:31:41','2019-08-10 02:00:43'),(86,'qui','1992-08-03 03:56:32','2002-01-24 01:40:49'),(87,'id','1971-08-18 07:06:30','2015-10-14 15:34:00'),(88,'cupiditate','2013-06-10 08:32:57','1989-05-30 05:45:35'),(89,'numquam','2001-07-05 09:54:42','2006-11-18 19:45:08'),(90,'accusamus','1973-12-14 20:11:55','2015-01-03 15:30:39'),(91,'quibusdam','1984-08-04 23:59:19','1999-11-19 04:12:04'),(92,'earum','1978-01-02 21:15:18','1996-04-04 20:51:23'),(93,'unde','2014-09-26 09:02:32','2020-01-14 17:01:42'),(94,'dolores','1997-06-04 00:02:19','1990-05-17 05:31:52'),(95,'soluta','1993-02-09 19:40:06','1974-04-23 20:51:02'),(96,'voluptas','2020-11-03 14:03:39','1989-10-21 05:07:10'),(97,'molestiae','2020-01-19 20:31:34','2010-11-16 07:40:45'),(98,'aut','2004-10-11 11:28:29','1980-03-20 07:08:40'),(99,'amet','1999-07-06 19:48:44','2020-11-11 07:36:07'),(100,'est','2011-10-02 00:57:10','2010-02-27 23:53:13');
/*!40000 ALTER TABLE `media_types` ENABLE KEYS */;
UNLOCK TABLES;

--
-- Table structure for table `messages`
--

DROP TABLE IF EXISTS `messages`;
/*!40101 SET @saved_cs_client     = @@character_set_client */;
/*!40101 SET character_set_client = utf8 */;
CREATE TABLE `messages` (
  `id` bigint(20) unsigned NOT NULL AUTO_INCREMENT,
  `from_user_id` bigint(20) unsigned NOT NULL,
  `to_user_id` bigint(20) unsigned NOT NULL,
  `body` text COLLATE utf8mb4_unicode_ci DEFAULT NULL,
  `created_at` datetime DEFAULT current_timestamp(),
  PRIMARY KEY (`id`),
  KEY `from_user_id` (`from_user_id`),
  KEY `to_user_id` (`to_user_id`),
  CONSTRAINT `messages_ibfk_1` FOREIGN KEY (`from_user_id`) REFERENCES `users` (`id`) ON DELETE CASCADE ON UPDATE CASCADE,
  CONSTRAINT `messages_ibfk_2` FOREIGN KEY (`to_user_id`) REFERENCES `users` (`id`) ON DELETE CASCADE ON UPDATE CASCADE
) ENGINE=InnoDB AUTO_INCREMENT=101 DEFAULT CHARSET=utf8mb4 COLLATE=utf8mb4_unicode_ci;
/*!40101 SET character_set_client = @saved_cs_client */;

--
-- Dumping data for table `messages`
--

LOCK TABLES `messages` WRITE;
/*!40000 ALTER TABLE `messages` DISABLE KEYS */;
INSERT INTO `messages` VALUES (1,1,1,'Beatae numquam nihil aut qui nobis occaecati nobis. Consectetur ab aut aliquid delectus qui corrupti est. Aut nulla quia iste rerum omnis. Quia in nemo est esse et harum quidem sed.','2022-04-29 06:44:40'),(2,2,2,'Maxime aut sit doloribus. Tempore maxime fuga laborum. Et quasi blanditiis ea nihil.','1999-11-26 12:51:27'),(3,3,3,'Nostrum sint aut sunt. Rem sunt necessitatibus fugiat. Voluptas mollitia necessitatibus est perspiciatis repellat voluptates est.','2014-05-04 05:08:52'),(4,4,4,'Nobis doloribus ea deleniti commodi ut neque sit. Voluptatibus placeat error odio facere debitis et totam. Quo consequuntur placeat assumenda. Reiciendis dolorem ipsum et et dolores eum.','1983-08-23 00:09:39'),(5,5,5,'Minima ut fugit iusto voluptas. Autem molestias necessitatibus id recusandae neque earum occaecati. Necessitatibus in sunt eos quos aut nam.','1989-08-09 08:16:37'),(6,6,6,'Omnis beatae et voluptatem voluptate nihil. Dolores accusantium et cupiditate sed. Optio nostrum sunt ea explicabo reiciendis est. Harum excepturi perferendis quas sit veritatis est ea a.','1992-05-12 11:55:53'),(7,7,7,'Est quas ea autem non aspernatur fuga. Animi provident atque in est quidem ipsa sequi quia.','1987-05-04 23:47:10'),(8,8,8,'Voluptas magnam ut et nostrum rerum culpa. Id atque consectetur similique natus repellendus fuga quia. Nulla saepe dolores ut et. Rem quia pariatur molestiae praesentium ut.','1994-06-09 18:32:09'),(9,9,9,'Officiis ullam ut eveniet impedit. Repudiandae ea earum dolorem iure quibusdam saepe. Sint qui assumenda laudantium aspernatur illo. Amet autem quam ex doloribus.','2009-07-17 11:04:03'),(10,10,10,'Et quae nisi et tempore vel rem. Non omnis corporis rerum quia aut. Ea consequuntur vel et repellat.','1986-12-07 05:53:16'),(11,11,11,'Laboriosam fugiat aperiam delectus et nihil sit. Quidem at corporis vitae quo velit sint ex. Eligendi non amet ipsum minus. Saepe distinctio non fugiat.','1988-04-05 20:28:42'),(12,12,12,'Ullam animi non dolorem hic corporis nostrum. Animi et aut illo qui enim ut. Magni dolorem consequatur non consequatur est omnis. Eum et necessitatibus consectetur et.','1973-01-06 06:57:20'),(13,13,13,'Aut doloribus ut amet optio. Nobis omnis praesentium animi sed. Dignissimos sint adipisci labore voluptatem.','1992-09-03 09:53:43'),(14,14,14,'Repellendus incidunt mollitia laborum mollitia fuga ratione sint. Dicta officia quasi pariatur sint totam mollitia. Numquam autem nobis suscipit.','1971-09-14 16:08:32'),(15,15,15,'Sequi doloribus reprehenderit nihil velit. Debitis amet quis ducimus veritatis atque aut laudantium exercitationem. Expedita et consequuntur vitae repellat sint eveniet consequatur. Ipsum error inventore ad cupiditate odit recusandae beatae.','2017-11-02 19:26:49'),(16,16,16,'Aperiam at perspiciatis eligendi atque ipsam repudiandae tempora veniam. Debitis labore mollitia perferendis quasi omnis et nihil.','2013-01-24 09:04:33'),(17,17,17,'Cum sunt fugit corporis sunt ipsa. Amet non quia impedit nulla ducimus facilis perspiciatis. Sequi est voluptatem excepturi perspiciatis illo.','2020-06-04 01:38:16'),(18,18,18,'Sed non tempore iure vel qui fugiat tenetur. Rem sit repellendus enim. Aliquam excepturi similique sunt earum earum deleniti qui.','2015-06-15 03:38:04'),(19,19,19,'Unde impedit veniam in quidem tempora. Error autem iusto dolorem. Alias est dolores illo porro quia et. Aliquam ut corporis quas ab.','2004-01-22 13:25:35'),(20,20,20,'Nostrum ipsa et recusandae voluptas. Facilis dicta inventore soluta eos eaque. Necessitatibus sunt facilis velit assumenda dolorum. Mollitia veritatis ex et molestiae ut laborum atque.','1987-12-16 01:33:57'),(21,21,21,'At eos amet velit explicabo ea sed. Rerum pariatur aut aut et aut magni a. Sunt sunt necessitatibus at esse quia vitae. Quo velit laudantium natus beatae tenetur.','1990-04-22 23:44:46'),(22,22,22,'Iste eligendi tempora necessitatibus ipsam dicta. Nihil veritatis adipisci sapiente voluptatem. Voluptas mollitia et facere et voluptates maxime.','1987-08-27 21:13:40'),(23,23,23,'Error totam voluptas veritatis rerum asperiores voluptas esse aliquid. Labore iusto doloremque quas sapiente. Ullam dolor ex eaque officiis consequuntur. Omnis inventore unde quia voluptatem earum provident.','2015-10-18 01:22:11'),(24,24,24,'Ullam nisi consequatur sit et. Architecto accusantium doloribus ipsam et tempore magni iusto. Id velit eos quo tempora suscipit error.','1978-09-15 18:54:19'),(25,25,25,'Facilis consequuntur sed ipsa quia. Ut officiis totam eos voluptate amet. Porro veniam molestiae natus quas.','2021-07-18 23:45:34'),(26,26,26,'Debitis exercitationem ut dolorum qui odio sit sit. Sed id ullam quod alias enim. Qui quae eius velit alias architecto adipisci sit. Corporis modi modi ut quos molestiae earum.','2007-05-16 04:35:39'),(27,27,27,'Doloremque error autem quae ut rem porro. Est omnis placeat repellat incidunt illum sed aut. Velit soluta perferendis non cum.','1985-10-24 15:32:32'),(28,28,28,'Et aut et possimus nihil cupiditate necessitatibus officiis. Eum voluptatum eos id modi impedit rerum modi nostrum.','2021-03-28 02:57:36'),(29,29,29,'Sed odit dolores ex inventore unde rem dolorem. Fugit aut officiis voluptatibus exercitationem ut error. Voluptas rerum modi tenetur rem. Suscipit veniam quisquam magni saepe et ut.','2005-11-25 23:46:47'),(30,30,30,'Et illum harum sapiente atque aperiam adipisci id. Harum fugit et ut atque est.','2012-05-17 17:39:59'),(31,31,31,'Accusamus assumenda et nostrum sunt et amet. Esse nihil et quibusdam quia repellat dolorem autem qui. Quo excepturi cum ullam exercitationem veritatis porro autem. Non optio autem itaque est alias occaecati enim.','2019-11-18 17:22:38'),(32,32,32,'Necessitatibus veritatis ut voluptatem excepturi eius quae nihil. Fugiat velit dignissimos libero mollitia consequuntur quis nihil fuga. Aut magnam ea culpa voluptas. Eligendi eos eos accusamus sapiente ut officiis beatae in.','1970-09-05 23:34:07'),(33,33,33,'Quis dolorem vel distinctio est praesentium quia in. Facere praesentium sunt explicabo aut laudantium. Ab alias eaque nisi rerum excepturi ipsam saepe.','1986-07-29 20:52:02'),(34,34,34,'Nemo deserunt similique ducimus voluptatum voluptatum vel odio. Laboriosam dolor animi dignissimos est accusantium rerum excepturi. Quasi ipsam voluptatem ab est quas. Ipsum sunt tenetur magnam natus nisi et neque.','1994-04-18 09:18:59'),(35,35,35,'Voluptates quia sapiente tempore iure beatae dolorem et. Voluptas enim est rerum commodi. Facilis earum officia consequatur enim.','2004-07-16 05:29:43'),(36,36,36,'Asperiores officiis hic soluta omnis iusto. Necessitatibus eum praesentium occaecati ea aspernatur quis. Id eum ut ut deserunt dolorem quo. Magnam voluptatum hic earum odio qui et.','2008-07-06 14:26:14'),(37,37,37,'Dolor itaque incidunt temporibus qui. Dolore error eligendi et atque cumque vitae neque sunt. Voluptatem dolor quas assumenda temporibus neque.','1976-11-18 15:11:49'),(38,38,38,'Quidem et cumque excepturi doloremque. Qui ut temporibus qui est vitae corporis. Est provident alias eaque omnis non enim laudantium est. Nesciunt nulla ut a occaecati eaque quas. Ut non magni quia pariatur ut minus ut.','2016-12-13 20:52:01'),(39,39,39,'Nihil iusto non sequi magnam. Harum voluptas cupiditate consectetur eveniet dignissimos. Sit quasi fugit qui voluptates aut.','2019-05-17 08:07:15'),(40,40,40,'Quia libero aut repudiandae neque. Corporis beatae fugit soluta numquam deserunt praesentium omnis aut. Nihil molestiae accusantium voluptas a molestiae. Sapiente eligendi amet a qui aliquid qui sequi tenetur.','2003-06-19 02:49:27'),(41,41,41,'Enim et fuga quia in qui. Id labore et ut assumenda nemo sit et. Modi eos dolor incidunt.','2013-04-08 00:53:42'),(42,42,42,'Officiis sint veritatis consectetur molestiae incidunt numquam. At itaque earum et quia esse illum. Quia quos adipisci eveniet dolores animi. Expedita a officiis in facere perspiciatis voluptas et.','2013-10-21 14:41:07'),(43,43,43,'Aut quis quas odio quaerat. Sint repellendus maxime dolorem consequuntur. Ut ex assumenda explicabo porro velit totam et. Dolores omnis rem ab perferendis ratione aut voluptas facere. Provident non est sit quis quia officiis.','1977-01-24 03:16:39'),(44,44,44,'Officia quis aliquam placeat sit consequuntur. Necessitatibus sit commodi ex quis reiciendis. Et dolor nihil similique dolore id iure aliquam quia.','2009-01-07 03:36:48'),(45,45,45,'Excepturi architecto dolores doloremque voluptates veritatis. Odit enim inventore perspiciatis est. Eligendi quae ratione quis asperiores natus inventore.','1980-03-08 10:23:23'),(46,46,46,'Doloremque est reiciendis consequuntur dolores veniam provident. Porro dolorem enim corrupti. Facere excepturi cum saepe quisquam.','2007-11-27 14:23:57'),(47,47,47,'At et reiciendis sunt animi. Doloribus necessitatibus occaecati vel qui quam deleniti incidunt. Molestiae et doloribus et voluptatem. Consequatur qui et quaerat adipisci et.','1990-01-06 21:39:22'),(48,48,48,'Et eligendi incidunt voluptas. Ducimus vitae sapiente eum aut perspiciatis. Placeat esse autem ut quae. Consequatur suscipit et tempore sunt.','1990-02-11 02:22:24'),(49,49,49,'Esse atque non nostrum et eligendi alias eos. Excepturi id voluptatem consectetur ipsa non. Fugiat quia ipsam repellendus molestias sapiente voluptate.','2017-03-18 12:18:27'),(50,50,50,'Pariatur perspiciatis possimus voluptatem ea. Porro amet nisi est accusantium eos itaque ab. Porro mollitia magni quod sed alias tempora autem voluptas. Odio eum totam iure facere eum earum fugit qui.','1975-09-22 15:58:14'),(51,51,51,'Odit nemo et ipsam quos aliquam ex qui voluptatibus. Repellat omnis minus harum omnis voluptatibus sapiente tenetur voluptatum. Similique dolorem error est iusto aut. Provident eligendi et ducimus natus sit delectus.','1981-08-13 21:58:45'),(52,52,52,'Vitae ipsum molestias delectus cumque alias veritatis eum. Quod pariatur harum et voluptate laboriosam et necessitatibus. Ipsam necessitatibus rerum aspernatur eveniet. Dolorem ut est accusantium et laboriosam. Aperiam magnam voluptatibus tempore quasi repellat illum.','2015-09-07 21:06:20'),(53,53,53,'Nemo libero autem quo qui asperiores. Fuga consequatur ipsam ducimus. Reiciendis amet qui voluptatem molestiae doloremque nesciunt sunt dolores. Consequatur exercitationem pariatur adipisci itaque.','1981-06-11 01:26:06'),(54,54,54,'Ut alias sed sunt ea. Quia amet quaerat quia dolorem voluptatem aut sit illo. Sed et velit et et dolorem nihil facere cumque. Iure sed voluptate dicta esse et optio sapiente.','1995-03-03 23:18:42'),(55,55,55,'Cum facere sit et architecto. Aliquid voluptas ex at aut et. Dolorem tempora deleniti voluptas consequatur itaque sunt rem eum. Error quae soluta tenetur commodi. Ex omnis voluptate iste.','1992-01-01 03:02:58'),(56,56,56,'Consequatur est est quis ullam ut qui excepturi. Ipsam quo error sunt doloribus excepturi natus ut eius. Dignissimos sunt pariatur eaque.','1979-08-05 00:14:56'),(57,57,57,'Perferendis odio laudantium qui. Nostrum qui ut perspiciatis.','1998-01-12 07:43:56'),(58,58,58,'Accusamus eum molestias explicabo. Accusantium consequuntur consequatur repudiandae sequi ut. Odit ab sed sit ab quibusdam. Expedita quia beatae accusantium tempore amet atque.','2018-09-16 05:55:13'),(59,59,59,'Id placeat eum ut quos. Perferendis minima sint omnis voluptas mollitia. Molestias distinctio aut molestiae quo consequatur sequi quis.','2017-02-26 10:33:19'),(60,60,60,'Illo suscipit reprehenderit est quasi quis quia. Voluptatum architecto veniam dolore ut. Accusantium vel culpa officiis pariatur sed itaque.','2008-01-05 03:02:43'),(61,61,61,'Asperiores voluptas sed aut voluptatibus sunt. Officiis voluptatem voluptatem et nam voluptate recusandae architecto modi. Quaerat quo tempora qui a cumque suscipit fugit.','2009-04-07 10:13:10'),(62,62,62,'Voluptatem veritatis reiciendis repellat laborum. Similique debitis earum ut aliquam. Aut pariatur commodi in recusandae et est ad vero. Consequatur enim eos est et doloribus et.','1986-09-23 21:06:55'),(63,63,63,'Consequatur facilis iusto natus. Cumque nulla omnis aut sed ipsa. Maxime velit voluptas in iste. Pariatur provident ea fugiat ipsum eum minima quam.','1994-11-01 02:15:30'),(64,64,64,'Inventore molestias aut fugit iure provident. Odit occaecati eos labore quam provident porro.','2014-10-10 01:22:47'),(65,65,65,'Doloremque dignissimos quasi vero. Repudiandae reprehenderit nihil rerum quis perferendis. Consequuntur velit ipsa quas consequatur nihil. Ullam eaque voluptatem et quasi et et.','2011-02-02 12:29:18'),(66,66,66,'Esse veritatis rerum maxime autem omnis non delectus. Ab asperiores aut eius non fuga pariatur. Ipsa dolorum deleniti quia dolorum est nisi.','2006-02-19 08:32:35'),(67,67,67,'Qui quia animi praesentium minus. Enim adipisci vero quis iste modi et.','2009-01-01 22:46:43'),(68,68,68,'A nisi eum voluptas et sit labore sequi. Quia aspernatur reiciendis nihil id similique similique dolorem. Quis fugit iste perferendis esse praesentium quidem. Quia provident in molestias architecto omnis placeat.','1995-05-17 18:37:47'),(69,69,69,'Sunt repudiandae dignissimos et at reprehenderit. Doloribus quisquam voluptatem non culpa aut consequatur accusamus. Assumenda et eligendi qui eius.','2013-06-18 04:10:06'),(70,70,70,'Et vel earum asperiores et ut aut laborum ea. Et maxime aliquid aspernatur in maiores. Incidunt voluptatem perspiciatis doloribus atque.','1985-05-19 08:46:44'),(71,71,71,'Accusamus eius eveniet mollitia. Vero assumenda esse qui esse maxime id. Iure nemo quisquam et est consequatur. Voluptate consequuntur odit eveniet officia aut labore rem. Consequatur qui voluptas sit rerum fuga.','2018-05-22 14:10:06'),(72,72,72,'Perferendis incidunt aperiam velit quia perferendis. Commodi praesentium sed labore modi sit ut. A itaque repellat deleniti delectus iusto incidunt. Quasi qui aut laudantium laborum debitis molestiae nesciunt.','1994-07-22 14:24:51'),(73,73,73,'Accusantium deleniti expedita qui perferendis magni saepe ipsum. Cumque doloribus natus voluptatem repellendus mollitia. Qui veritatis odit sit et libero quia nisi culpa. Laborum dolor harum aut illo facilis nobis cumque et.','1984-05-07 04:37:39'),(74,74,74,'Quis culpa quam quibusdam reiciendis. Repellendus facere ea ad sequi reiciendis laudantium enim. Distinctio ipsa nulla in voluptate nobis quae quos autem.','1991-07-06 20:04:42'),(75,75,75,'Quia totam assumenda quis recusandae laborum maiores. Inventore alias a voluptatem et velit harum ducimus. Suscipit recusandae explicabo rem enim omnis voluptatum. Sit facilis suscipit totam ut qui et quia earum.','1987-05-18 04:49:09'),(76,76,76,'Necessitatibus quo doloribus voluptatibus omnis sit consequatur est minima. Similique aut aperiam rerum accusantium atque eligendi culpa. Sequi et numquam quia voluptas cupiditate est facere.','1998-03-04 15:26:31'),(77,77,77,'Veniam vitae quaerat corporis eligendi aliquid qui quas. Sequi corrupti ut iusto quasi ullam. Vel iusto ab sed id.','1992-03-30 18:13:11'),(78,78,78,'Esse voluptates facere sapiente molestias magni vel error. Voluptatem adipisci provident temporibus sunt distinctio quia. Optio facilis ex quasi. Vel magnam sed quis corporis.','1973-03-21 10:17:25'),(79,79,79,'Explicabo aut esse ut omnis dicta mollitia voluptatem distinctio. Eveniet soluta ducimus dolores consequatur iste accusamus rerum. Dolorem officia minus iste magni blanditiis incidunt et.','1998-01-23 04:39:09'),(80,80,80,'Voluptatum ut facilis distinctio voluptatem. Tempore facere qui numquam non. Enim consequatur autem neque consequatur in. Dolorem sit qui consequatur iste.','1983-07-24 15:18:37'),(81,81,81,'Ut odio fugiat et ut cumque eos saepe. Labore in atque excepturi aliquam atque. Qui eum ut aperiam voluptas.','2001-07-03 19:32:52'),(82,82,82,'Tenetur repellendus optio ullam sit enim voluptatibus ratione. Est odit libero ad eos veniam. Amet sed qui ut vel ab. Totam enim omnis quisquam in eaque porro id.','1973-04-13 01:15:23'),(83,83,83,'Quasi harum ea est. Architecto consequatur provident laudantium quia quisquam hic quidem. Veniam quis nobis consequatur voluptates. Veniam magni quasi iusto consequatur repudiandae laudantium est. Animi officiis quibusdam incidunt.','1971-03-17 10:39:24'),(84,84,84,'Ducimus exercitationem unde assumenda optio qui voluptatibus. At quis quis non impedit ipsam temporibus ut.','2020-08-11 18:04:31'),(85,85,85,'Non repudiandae sed et accusantium eaque ex fugit. Et qui qui ipsum enim provident accusantium. Dolores quia veritatis sed nulla ullam maxime. Alias consectetur alias rem blanditiis.','1978-10-17 20:58:40'),(86,86,86,'Et neque dolorem non exercitationem eius quia. Facilis aut commodi rerum voluptatem fugiat dolores esse. Nihil voluptate ut fugit at.','1994-06-26 16:59:00'),(87,87,87,'Libero assumenda officiis accusantium soluta quaerat nihil consectetur. Rem et quia veritatis magni excepturi numquam ea.','1991-10-13 17:47:14'),(88,88,88,'Explicabo officia tempora itaque nihil amet. Provident qui facilis ullam quia dicta.','2020-06-27 14:05:06'),(89,89,89,'Id repellendus sequi molestiae nihil aut. Eligendi vel aperiam doloremque soluta voluptatum repellendus accusantium. Laudantium laudantium sit perspiciatis doloribus. Nobis aliquam et ipsam non.','1970-03-23 16:06:18'),(90,90,90,'Aperiam distinctio esse ipsum ut nisi est rerum officiis. Perspiciatis modi dolorem tempora autem dolor autem. Quis voluptatem optio porro quibusdam ut dolor repellendus sapiente.','1983-04-16 16:12:12'),(91,91,91,'Et eum sit sequi in mollitia officia. Ut repudiandae molestiae temporibus esse. Et mollitia a minus at sed.','1988-03-11 21:40:08'),(92,92,92,'Eligendi laboriosam quo quia occaecati. Ipsa rerum recusandae reiciendis facilis. Ipsam magnam ut eum iusto.','2006-11-12 22:15:39'),(93,93,93,'Rerum sit ut porro quis provident voluptatibus. Iste cupiditate adipisci temporibus nobis unde possimus nobis et. Veritatis non omnis et repellat ut deleniti laudantium quas. Dolorem vitae corrupti voluptates excepturi velit.','1976-06-23 20:20:26'),(94,94,94,'Eum sed et eveniet molestiae. Sint doloremque consectetur beatae eius sunt quam deleniti dolor. Porro quia provident aut enim voluptatem.','1997-09-12 18:13:11'),(95,95,95,'Aut aut qui unde aut consequatur ducimus nobis. Eius nesciunt corporis ratione amet. Aut adipisci magnam mollitia et quod error non. Amet ut libero vero laudantium quidem beatae sunt pariatur.','1998-09-16 20:17:36'),(96,96,96,'Sit labore nisi impedit voluptas animi autem. Omnis est magnam aperiam possimus. Minima natus ipsa quos sequi eligendi.','2013-08-22 23:37:46'),(97,97,97,'Nemo aut dolorem deleniti odio nulla officiis. Sapiente inventore asperiores optio non aspernatur. Sit esse quis officiis dolorum molestiae accusamus. Impedit nemo qui natus enim facilis ipsa. Error eos dolor laborum nesciunt.','1986-12-24 07:47:24'),(98,98,98,'Labore nisi magnam nobis corrupti mollitia. Repellat aperiam quo magni accusantium reprehenderit. Ipsum voluptatibus consequatur voluptas fuga nihil. Incidunt veritatis perspiciatis ad voluptas dolores adipisci ex facere.','2003-11-08 00:48:13'),(99,99,99,'Et at alias rerum est possimus. Odio et ipsa illum expedita voluptate sed. Perferendis ut laboriosam blanditiis doloremque dolorum natus. Id rerum debitis in veritatis cumque rerum.','1983-08-06 06:51:30'),(100,100,100,'Consectetur neque voluptas similique quis id doloremque qui. Assumenda qui sunt ipsum enim.','1982-10-15 06:53:51');
/*!40000 ALTER TABLE `messages` ENABLE KEYS */;
UNLOCK TABLES;

--
-- Table structure for table `photo_albums`
--

DROP TABLE IF EXISTS `photo_albums`;
/*!40101 SET @saved_cs_client     = @@character_set_client */;
/*!40101 SET character_set_client = utf8 */;
CREATE TABLE `photo_albums` (
  `id` bigint(20) unsigned NOT NULL AUTO_INCREMENT,
  `name` varchar(255) COLLATE utf8mb4_unicode_ci DEFAULT NULL,
  `user_id` bigint(20) unsigned DEFAULT NULL,
  PRIMARY KEY (`id`),
  UNIQUE KEY `id` (`id`),
  KEY `user_id` (`user_id`),
  CONSTRAINT `photo_albums_ibfk_1` FOREIGN KEY (`user_id`) REFERENCES `users` (`id`) ON DELETE SET NULL ON UPDATE CASCADE
) ENGINE=InnoDB AUTO_INCREMENT=101 DEFAULT CHARSET=utf8mb4 COLLATE=utf8mb4_unicode_ci;
/*!40101 SET character_set_client = @saved_cs_client */;

--
-- Dumping data for table `photo_albums`
--

LOCK TABLES `photo_albums` WRITE;
/*!40000 ALTER TABLE `photo_albums` DISABLE KEYS */;
INSERT INTO `photo_albums` VALUES (1,'aliquid',1),(2,'tenetur',2),(3,'quidem',3),(4,'autem',4),(5,'voluptas',5),(6,'nisi',6),(7,'omnis',7),(8,'aspernatur',8),(9,'quo',9),(10,'inventore',10),(11,'deleniti',11),(12,'molestias',12),(13,'molestias',13),(14,'ut',14),(15,'aperiam',15),(16,'unde',16),(17,'est',17),(18,'error',18),(19,'aut',19),(20,'iure',20),(21,'deleniti',21),(22,'laborum',22),(23,'assumenda',23),(24,'repellat',24),(25,'maiores',25),(26,'sed',26),(27,'quia',27),(28,'nulla',28),(29,'quo',29),(30,'ducimus',30),(31,'molestiae',31),(32,'doloribus',32),(33,'error',33),(34,'veritatis',34),(35,'aspernatur',35),(36,'consequatur',36),(37,'veritatis',37),(38,'quas',38),(39,'numquam',39),(40,'ut',40),(41,'et',41),(42,'eum',42),(43,'delectus',43),(44,'nesciunt',44),(45,'autem',45),(46,'illum',46),(47,'molestiae',47),(48,'porro',48),(49,'pariatur',49),(50,'sint',50),(51,'totam',51),(52,'tenetur',52),(53,'animi',53),(54,'nesciunt',54),(55,'labore',55),(56,'perspiciatis',56),(57,'molestias',57),(58,'accusantium',58),(59,'aut',59),(60,'consequatur',60),(61,'sunt',61),(62,'necessitatibus',62),(63,'tempore',63),(64,'quo',64),(65,'sed',65),(66,'magni',66),(67,'qui',67),(68,'voluptas',68),(69,'possimus',69),(70,'placeat',70),(71,'quaerat',71),(72,'vitae',72),(73,'quam',73),(74,'quod',74),(75,'est',75),(76,'eum',76),(77,'quis',77),(78,'id',78),(79,'aut',79),(80,'non',80),(81,'corrupti',81),(82,'ea',82),(83,'quos',83),(84,'dolores',84),(85,'sed',85),(86,'vero',86),(87,'aut',87),(88,'ut',88),(89,'impedit',89),(90,'animi',90),(91,'sint',91),(92,'sit',92),(93,'suscipit',93),(94,'est',94),(95,'in',95),(96,'qui',96),(97,'consequuntur',97),(98,'eum',98),(99,'dignissimos',99),(100,'et',100);
/*!40000 ALTER TABLE `photo_albums` ENABLE KEYS */;
UNLOCK TABLES;

--
-- Table structure for table `photos`
--

DROP TABLE IF EXISTS `photos`;
/*!40101 SET @saved_cs_client     = @@character_set_client */;
/*!40101 SET character_set_client = utf8 */;
CREATE TABLE `photos` (
  `id` bigint(20) unsigned NOT NULL AUTO_INCREMENT,
  `album_id` bigint(20) unsigned NOT NULL,
  `media_id` bigint(20) unsigned NOT NULL,
  PRIMARY KEY (`id`),
  KEY `album_id` (`album_id`),
  KEY `media_id` (`media_id`),
  CONSTRAINT `photos_ibfk_1` FOREIGN KEY (`album_id`) REFERENCES `photo_albums` (`id`) ON DELETE CASCADE ON UPDATE CASCADE,
  CONSTRAINT `photos_ibfk_2` FOREIGN KEY (`media_id`) REFERENCES `media` (`id`) ON DELETE CASCADE ON UPDATE CASCADE
) ENGINE=InnoDB AUTO_INCREMENT=101 DEFAULT CHARSET=utf8mb4 COLLATE=utf8mb4_unicode_ci;
/*!40101 SET character_set_client = @saved_cs_client */;

--
-- Dumping data for table `photos`
--

LOCK TABLES `photos` WRITE;
/*!40000 ALTER TABLE `photos` DISABLE KEYS */;
INSERT INTO `photos` VALUES (1,1,1),(2,2,2),(3,3,3),(4,4,4),(5,5,5),(6,6,6),(7,7,7),(8,8,8),(9,9,9),(10,10,10),(11,11,11),(12,12,12),(13,13,13),(14,14,14),(15,15,15),(16,16,16),(17,17,17),(18,18,18),(19,19,19),(20,20,20),(21,21,21),(22,22,22),(23,23,23),(24,24,24),(25,25,25),(26,26,26),(27,27,27),(28,28,28),(29,29,29),(30,30,30),(31,31,31),(32,32,32),(33,33,33),(34,34,34),(35,35,35),(36,36,36),(37,37,37),(38,38,38),(39,39,39),(40,40,40),(41,41,41),(42,42,42),(43,43,43),(44,44,44),(45,45,45),(46,46,46),(47,47,47),(48,48,48),(49,49,49),(50,50,50),(51,51,51),(52,52,52),(53,53,53),(54,54,54),(55,55,55),(56,56,56),(57,57,57),(58,58,58),(59,59,59),(60,60,60),(61,61,61),(62,62,62),(63,63,63),(64,64,64),(65,65,65),(66,66,66),(67,67,67),(68,68,68),(69,69,69),(70,70,70),(71,71,71),(72,72,72),(73,73,73),(74,74,74),(75,75,75),(76,76,76),(77,77,77),(78,78,78),(79,79,79),(80,80,80),(81,81,81),(82,82,82),(83,83,83),(84,84,84),(85,85,85),(86,86,86),(87,87,87),(88,88,88),(89,89,89),(90,90,90),(91,91,91),(92,92,92),(93,93,93),(94,94,94),(95,95,95),(96,96,96),(97,97,97),(98,98,98),(99,99,99),(100,100,100);
/*!40000 ALTER TABLE `photos` ENABLE KEYS */;
UNLOCK TABLES;

--
-- Table structure for table `profiles`
--

DROP TABLE IF EXISTS `profiles`;
/*!40101 SET @saved_cs_client     = @@character_set_client */;
/*!40101 SET character_set_client = utf8 */;
CREATE TABLE `profiles` (
  `user_id` bigint(20) unsigned NOT NULL AUTO_INCREMENT,
  `gender` char(1) COLLATE utf8mb4_unicode_ci DEFAULT NULL,
  `birthday` date DEFAULT NULL,
  `photo_id` bigint(20) unsigned DEFAULT NULL,
  `created_at` datetime DEFAULT current_timestamp(),
  `hometown` varchar(100) COLLATE utf8mb4_unicode_ci DEFAULT NULL,
  PRIMARY KEY (`user_id`),
  KEY `fk_photo_id` (`photo_id`),
  CONSTRAINT `fk_photo_id` FOREIGN KEY (`photo_id`) REFERENCES `photos` (`id`) ON DELETE SET NULL ON UPDATE CASCADE,
  CONSTRAINT `fk_user_id` FOREIGN KEY (`user_id`) REFERENCES `users` (`id`) ON DELETE CASCADE ON UPDATE CASCADE
) ENGINE=InnoDB AUTO_INCREMENT=101 DEFAULT CHARSET=utf8mb4 COLLATE=utf8mb4_unicode_ci;
/*!40101 SET character_set_client = @saved_cs_client */;

--
-- Dumping data for table `profiles`
--

LOCK TABLES `profiles` WRITE;
/*!40000 ALTER TABLE `profiles` DISABLE KEYS */;
INSERT INTO `profiles` VALUES (1,'f','1995-04-14',1,'1971-04-29 12:04:14',NULL),(2,'f','2021-01-15',2,'2015-03-18 15:57:04',NULL),(3,'m','1978-06-14',3,'2002-01-10 02:22:16',NULL),(4,'f','1994-11-18',4,'2004-07-14 13:27:51',NULL),(5,'f','2018-06-30',5,'2021-02-15 06:56:11',NULL),(6,'m','1972-07-23',6,'2009-11-22 04:02:17',NULL),(7,'m','2003-11-01',7,'2003-06-27 05:39:04',NULL),(8,'m','2017-04-01',8,'1984-03-20 21:33:04',NULL),(9,'f','1999-11-21',9,'1975-01-03 16:59:09',NULL),(10,'f','1975-03-15',10,'2003-10-06 20:23:36',NULL),(11,'f','1996-06-20',11,'1988-06-18 13:27:40',NULL),(12,'m','1972-09-27',12,'2012-10-28 14:32:40',NULL),(13,'f','2021-11-11',13,'2010-02-10 11:23:47',NULL),(14,'m','2020-10-04',14,'1993-11-08 02:31:51',NULL),(15,'f','1981-07-22',15,'1987-12-16 18:38:12',NULL),(16,'m','1996-09-13',16,'1998-03-10 15:56:31',NULL),(17,'f','1989-10-15',17,'2015-01-14 09:26:26',NULL),(18,'f','2015-12-14',18,'2016-11-03 16:47:48',NULL),(19,'m','1996-02-06',19,'2010-08-31 04:50:21',NULL),(20,'m','2016-04-08',20,'2011-07-13 16:55:28',NULL),(21,'f','1998-07-04',21,'1971-09-16 10:08:23',NULL),(22,'f','2005-10-07',22,'1995-09-07 12:15:57',NULL),(23,'m','1997-07-11',23,'1972-07-12 03:01:09',NULL),(24,'f','1992-11-24',24,'2018-11-28 16:35:27',NULL),(25,'m','1997-06-09',25,'1986-10-14 06:48:32',NULL),(26,'m','1976-08-22',26,'2004-06-19 17:28:33',NULL),(27,'f','2015-02-11',27,'2015-07-21 17:05:05',NULL),(28,'m','2007-08-19',28,'1998-01-23 10:27:27',NULL),(29,'f','1980-10-27',29,'2006-11-11 08:43:06',NULL),(30,'f','1998-04-09',30,'2019-08-15 12:12:20',NULL),(31,'f','1993-09-01',31,'1987-09-07 14:38:34',NULL),(32,'m','1985-05-23',32,'1998-11-22 23:37:59',NULL),(33,'m','1984-02-23',33,'2017-12-15 23:04:27',NULL),(34,'m','2012-05-12',34,'1979-10-04 22:35:45',NULL),(35,'m','1972-12-16',35,'1988-05-24 06:35:54',NULL),(36,'m','2013-08-31',36,'2010-04-15 18:06:08',NULL),(37,'f','1987-11-07',37,'2021-08-15 09:18:14',NULL),(38,'f','1970-09-15',38,'2019-08-01 03:35:32',NULL),(39,'f','1988-01-15',39,'1986-11-04 18:51:31',NULL),(40,'m','2006-12-20',40,'1991-01-16 06:45:59',NULL),(41,'f','2012-03-30',41,'1992-01-29 07:09:16',NULL),(42,'f','2005-07-20',42,'2005-01-12 18:11:54',NULL),(43,'m','1983-10-30',43,'1998-09-29 13:55:01',NULL),(44,'f','2016-10-30',44,'1974-12-19 04:19:25',NULL),(45,'m','2018-04-08',45,'1978-07-15 15:00:39',NULL),(46,'f','2021-02-07',46,'1991-11-12 07:06:48',NULL),(47,'m','2018-01-10',47,'1973-12-27 14:28:10',NULL),(48,'f','1986-11-08',48,'1990-10-22 04:46:48',NULL),(49,'m','2003-09-05',49,'2008-08-20 09:16:08',NULL),(50,'m','1999-11-02',50,'2015-08-26 14:53:42',NULL),(51,'m','1972-01-28',51,'2014-07-08 21:50:15',NULL),(52,'m','1985-07-21',52,'2005-05-23 17:57:05',NULL),(53,'m','1989-05-21',53,'2010-01-09 08:29:47',NULL),(54,'m','2010-09-24',54,'2010-03-11 15:16:41',NULL),(55,'f','1991-09-09',55,'1980-12-11 02:20:40',NULL),(56,'f','2003-11-29',56,'1973-08-07 21:11:43',NULL),(57,'m','1972-07-17',57,'1980-05-14 07:49:58',NULL),(58,'f','1971-08-31',58,'2018-11-11 04:46:09',NULL),(59,'f','2019-12-27',59,'1977-05-27 22:36:09',NULL),(60,'m','2001-02-19',60,'2014-02-05 05:29:37',NULL),(61,'f','1995-11-13',61,'2017-03-24 10:03:59',NULL),(62,'f','2004-02-25',62,'1976-03-19 10:01:20',NULL),(63,'f','1972-06-28',63,'2006-08-21 17:55:00',NULL),(64,'m','2017-09-27',64,'1970-07-16 11:50:23',NULL),(65,'f','1986-07-02',65,'1995-09-13 08:23:06',NULL),(66,'m','1978-07-01',66,'2001-10-06 19:18:16',NULL),(67,'m','1978-06-01',67,'2003-01-20 03:45:58',NULL),(68,'f','2000-07-25',68,'2016-10-15 18:47:30',NULL),(69,'m','2007-02-13',69,'2016-12-22 12:51:18',NULL),(70,'m','2009-03-23',70,'2007-03-08 22:01:36',NULL),(71,'f','1995-12-16',71,'1987-10-01 12:56:47',NULL),(72,'m','2011-12-16',72,'2008-08-11 00:28:00',NULL),(73,'f','2012-02-18',73,'2004-06-05 17:29:45',NULL),(74,'m','1975-02-02',74,'2012-07-16 19:47:42',NULL),(75,'f','2019-05-20',75,'1982-04-30 03:27:11',NULL),(76,'m','1977-01-05',76,'2005-07-29 14:16:36',NULL),(77,'m','2020-04-24',77,'1974-03-15 16:36:05',NULL),(78,'f','1998-11-01',78,'2016-02-02 08:32:32',NULL),(79,'f','2008-07-28',79,'1987-07-08 11:27:57',NULL),(80,'m','2010-08-24',80,'2000-10-17 05:04:48',NULL),(81,'m','1980-08-21',81,'1970-09-10 10:20:36',NULL),(82,'m','1981-06-12',82,'2021-04-24 02:44:22',NULL),(83,'m','2001-11-24',83,'2017-10-31 20:53:58',NULL),(84,'m','2002-04-19',84,'2020-06-14 20:49:05',NULL),(85,'m','2012-10-11',85,'2007-06-07 21:14:30',NULL),(86,'f','1996-08-30',86,'2012-11-27 02:55:25',NULL),(87,'f','1984-07-23',87,'1987-09-05 12:12:31',NULL),(88,'m','2022-01-10',88,'1992-08-09 01:15:48',NULL),(89,'f','2020-11-22',89,'2002-11-08 09:34:35',NULL),(90,'m','2016-09-08',90,'2009-04-14 19:05:54',NULL),(91,'m','1997-09-25',91,'1973-03-17 02:21:40',NULL),(92,'f','2015-11-03',92,'2011-11-27 17:42:38',NULL),(93,'m','1970-01-28',93,'1983-12-26 20:43:33',NULL),(94,'m','2010-11-03',94,'1973-12-24 15:04:36',NULL),(95,'f','1970-01-03',95,'1986-08-19 04:33:01',NULL),(96,'m','1994-03-03',96,'2003-05-14 10:08:38',NULL),(97,'f','1984-09-28',97,'1973-06-16 03:39:09',NULL),(98,'m','1977-12-09',98,'1980-04-22 00:46:26',NULL),(99,'m','1976-03-01',99,'2004-02-14 05:39:07',NULL),(100,'f','1985-09-28',100,'2016-02-14 01:34:06',NULL);
/*!40000 ALTER TABLE `profiles` ENABLE KEYS */;
UNLOCK TABLES;

--
-- Table structure for table `users`
--

DROP TABLE IF EXISTS `users`;
/*!40101 SET @saved_cs_client     = @@character_set_client */;
/*!40101 SET character_set_client = utf8 */;
CREATE TABLE `users` (
  `id` bigint(20) unsigned NOT NULL AUTO_INCREMENT,
  `firstname` varchar(100) COLLATE utf8mb4_unicode_ci DEFAULT NULL,
  `lastname` varchar(100) COLLATE utf8mb4_unicode_ci DEFAULT NULL COMMENT '',
  `email` varchar(100) COLLATE utf8mb4_unicode_ci DEFAULT NULL,
  `password_hash` varchar(100) COLLATE utf8mb4_unicode_ci DEFAULT NULL,
  `phone` bigint(20) DEFAULT NULL,
  `is_deleted` bit(1) DEFAULT b'0',
  PRIMARY KEY (`id`),
  UNIQUE KEY `email` (`email`),
  KEY `users_firstname_lastname_idx` (`firstname`,`lastname`)
) ENGINE=InnoDB AUTO_INCREMENT=101 DEFAULT CHARSET=utf8mb4 COLLATE=utf8mb4_unicode_ci;
/*!40101 SET character_set_client = @saved_cs_client */;

--
-- Dumping data for table `users`
--

LOCK TABLES `users` WRITE;
/*!40000 ALTER TABLE `users` DISABLE KEYS */;
INSERT INTO `users` VALUES (1,'Chaz','Jenkins','sanford.orin@example.com','e46758095cd62b787f52c77dd224d20e931284ec',9108004103,''),(2,'Montana','Barton','maximilian46@example.net','d8e7a81b905d5c359df43575ee7deb4c10b38ed7',9155062518,''),(3,'Fletcher','Runolfsdottir','witting.kieran@example.org','e0ca02aebf1a3adef30d27c2195994e321dc5bb6',9178676173,''),(4,'Laron','Cartwright','cielo13@example.net','7f4773a0426b445884a383c1e0747de6b8940931',9447946985,''),(5,'Lois','Eichmann','dessie61@example.com','bd6fe875ba442e8cfdc5baf08c795d79142bfb1e',9746836219,''),(6,'Novella','Walter','wstark@example.net','4a90530a3dcf7159c4bc89219f10db9647f91607',9456794082,'\0'),(7,'Rosetta','Hamill','amina22@example.net','e2438d8d13ac524691f44ce910c42d72680d1ab1',9172561760,''),(8,'Rae','Will','mollie21@example.org','318304c79d20f42d791f07ee918c93dcfc385c77',9864795520,'\0'),(9,'Nasir','Leuschke','nia57@example.org','edca542acfd55adb39298bf8bbcdd59528850872',9663004311,''),(10,'Zoie','Hauck','hayes.amy@example.org','782388c90f5ce82b7ffc68986c6d4514d505177b',9797503802,'\0'),(11,'Joanne','Stiedemann','ubruen@example.com','68bad944db3dc3b849df0763ecbb9ccc8c946127',9357256058,'\0'),(12,'Lilla','Gorczany','cordia05@example.net','073964d74cba8048797ba28f4fefbdd9917abf5d',9210912635,'\0'),(13,'Franz','Hodkiewicz','myron.bechtelar@example.com','7f164e9b14a004e8f7cb7af732770a9159cbd976',9304357934,''),(14,'Heather','Schultz','hreichel@example.net','d4230e601a0611813a9aab93ec4a48588a8da12a',9415405703,'\0'),(15,'Austin','Considine','efeeney@example.com','12d51246f24633442f3ebd6a472db25f0de1d11d',9186769269,'\0'),(16,'Emery','Hoeger','ezekiel04@example.net','5e84e5ad96825b0f385dec27ed1fa1aea1d10e47',9247452668,'\0'),(17,'Carlotta','Nader','pbuckridge@example.org','9ae116f817bb1c97f31c809c4382cc2f5de35396',9548396580,'\0'),(18,'Bernie','Mueller','roxanne22@example.org','baa172e06df7d9606eb3d4b3d8a17ba78daa9b34',9576154902,''),(19,'Euna','Treutel','daphnee05@example.net','bf5a32671140cbf6d7027e48189775bb98c8b2c9',9683697520,''),(20,'Deshaun','Zieme','ken.flatley@example.net','f6dcf0165c2db8473686fb8d1ab7efe5a2329536',9050920469,'\0'),(21,'Brycen','Reichert','dwyman@example.com','2500488dc621fe8c56d24258a7a5af92ce222edf',9102129162,''),(22,'Dee','Spinka','bryce.kemmer@example.org','7e43b89f7f39899b36b9a0664bd3949d92165674',9703579647,''),(23,'Madisyn','Beier','trystan.stroman@example.com','eb1aa959db88414c54475c9e194b9c8c09ae98ae',9928898800,'\0'),(24,'Kenyatta','Prosacco','rath.narciso@example.com','045e73eb99a127f7f6c29621e934193789a77e48',9519345874,'\0'),(25,'Courtney','O\'Connell','walker.mallory@example.net','0a666324798be57ad4298f0692f9c72e65353b90',9038498319,'\0'),(26,'Tiffany','Rosenbaum','kcronin@example.net','5f2a3d422e21461f244894c1a69eaa66b15a8ac3',9822796644,''),(27,'Robin','Emmerich','erdman.jed@example.net','ee6711e6d7d8fa9495a9144558351e4330b97b77',9170682002,'\0'),(28,'Mercedes','Ruecker','rutherford.roger@example.org','9aeb60dc6a233e49986dd77a2e77659fe31b2e6d',9360522114,'\0'),(29,'Raoul','Halvorson','xmurazik@example.com','25a0110edc477fe3f665aca46ec92839be5bdd50',9532874525,'\0'),(30,'Cristina','King','fmarvin@example.net','29e65d0bff0f4c9d6b04d424d4d3b96459dcfd90',9092646821,'\0'),(31,'Herminia','Adams','august10@example.org','4d5d7a012cb9482a817de95141fd956006797018',9166830904,'\0'),(32,'Helen','Considine','olson.baby@example.com','9892334a708e224f5e8d73daf215e98387bdd70a',9351864999,''),(33,'Kolby','Effertz','sturcotte@example.net','8f8e10d2dd7ecffe856beacdde7ea68b790bde0c',9700889010,''),(34,'Lisette','Bergstrom','wiegand.ned@example.org','73687dadbf403ad9486b40bf10e5c004316109c3',9361250972,''),(35,'Shanelle','Funk','xanderson@example.org','7bd420b214cf301082ab768936d2a753b9acb997',9901525532,''),(36,'Bret','Russel','ferry.muriel@example.com','4f58305acbf379a4aa1b93cbf8fc475950edaa9c',9480411336,''),(37,'Enoch','Schuppe','will.lilian@example.net','601fe2e01f643cad90c56c4b60b7d7484cd7efd4',9030904515,''),(38,'Madison','Pacocha','watsica.jimmy@example.org','665012805ed22d21bdf4b6e1c57c4a2a82258890',9699509809,'\0'),(39,'Kamille','Weber','ova.bailey@example.org','b334791dcb537d93873f35ba58733b1bf4db2dff',9574416732,''),(40,'Johann','Powlowski','tremblay.betsy@example.net','4f9c33c88e78dbfda391a55b367ff2e3f56d03e2',9028298229,'\0'),(41,'Meda','Eichmann','sasha.bashirian@example.org','74a47e0559fdba5579df086965a004011202eb75',9943336335,'\0'),(42,'Laverna','Howell','pwest@example.com','5a42228738bc85ebb87813bf25b3228887bfecab',9897250048,''),(43,'Samanta','Robel','kshlerin.carole@example.com','30dcc772a0e421f3be01c7c03df190c09beba6a7',9545212820,'\0'),(44,'Bria','Adams','bailey.harris@example.org','c2a49f213f5c2ab4e281a3e5142132a843fb7c34',9427450253,''),(45,'Justus','Macejkovic','casper.halvorson@example.net','8abedf14e88b34548ab85c77b158eef277f59b90',9917880958,'\0'),(46,'Vickie','Moore','thowe@example.net','1b043965206730f5d57fc804a8239b9713b5ec42',9887391932,''),(47,'Alivia','Hermiston','missouri.hamill@example.com','48917c525cae1286fc3b26fce43283b894c0d3de',9710184294,''),(48,'Eulalia','Gerlach','parisian.aditya@example.net','ef14509dc225bbdc24d7d5743532f1c00385bf9f',9382934165,''),(49,'Amber','Nicolas','mklocko@example.org','8521ff2d2067c94c6051754242d6774d737d2728',9215324569,''),(50,'Susan','Hermiston','ddare@example.net','b29b9844bfe1c49161c8b6e695b67720c34404d5',9059078603,'\0'),(51,'Minnie','Conroy','koch.waino@example.org','720b2404a043b5ddd69517f5aa888a549c37f8c1',9468400797,'\0'),(52,'Juston','Harris','vo\'conner@example.net','28a77d5e65b126f98af101f7d1af0bb6e15dbf8d',9350629013,'\0'),(53,'Lewis','Pouros','cristopher86@example.org','e06c01c406a43fb73f0e6a7f8811bba4c55fc8f8',9836292463,'\0'),(54,'Rod','Keebler','nicholaus56@example.net','c3a845a7e8abcb2a70329f345d7f21549afca9f6',9519105931,''),(55,'Sally','Champlin','roy64@example.net','c03a2b56e1d73afe332302f9b3ee532693398c77',9781776956,''),(56,'Alexane','Sauer','gibson.webster@example.org','524b48104cb52252008f00a3d9e354875c50faef',9696084140,'\0'),(57,'Lucio','Ankunding','kaylee88@example.com','94a6a116e51e7a416a43f35417ba84e24262cd74',9010546177,''),(58,'Judah','Wisoky','adolphus61@example.net','f52c3fab83730f05c2bdd1dae6d137a8c64dd926',9648923869,''),(59,'Halie','Bosco','amara.daniel@example.org','16e570a39e15af2dd9eef35c32810a06b7317bd8',9539586073,''),(60,'Jaunita','Kassulke','helga81@example.com','ed8ceba9e34b17d2028d7d30e1a754f950df5198',9274219008,'\0'),(61,'Skyla','Hansen','dejon.collier@example.com','671311f663805e09f442efc43b9e2efe58d9c8e9',9968790641,''),(62,'Meda','Barton','pondricka@example.org','0efa0bd01a6f09cadefbd7422af17559514fa6d6',9346997961,'\0'),(63,'Mitchel','Cummings','jillian.altenwerth@example.org','7cf974786614a73bbbdd7618308e1bb7092a2f4b',9592282827,''),(64,'Orland','Lind','vivianne.schuppe@example.com','5fd4a81355137328b496628c684d77af41488562',9722459238,'\0'),(65,'Brandyn','Ebert','daugherty.ernest@example.net','6dfdebec78a89d0624cffba86bb8109d1c01ff3a',9443667458,'\0'),(66,'Eli','Mueller','giovanni.konopelski@example.org','7b5e472ee5393e8c9dd721cee7493030280071c1',9946628613,''),(67,'Justina','Runolfsson','wehner.kaitlin@example.com','9f4a0b460edf210d7ccaee5de773377c5274e970',9279394932,'\0'),(68,'Freeda','Littel','miguel.bauch@example.net','6cc02c59ae3cbfdf80fa36317e0dd44aa12fe8fb',9502213129,'\0'),(69,'Eduardo','Becker','kortiz@example.net','4a5cbf0a8fadb9c8b6659718c7bfcd1da57f5020',9018168204,''),(70,'Waino','Sanford','althea.d\'amore@example.org','eae470d4f3583e5b0bea37a9970f8cfa262d6c1d',9629258803,''),(71,'Savanna','McLaughlin','kayley24@example.com','8164deacc7cba875f83a6a896ee960099e90ecd8',9420671949,''),(72,'Viva','Bayer','arno.cassin@example.org','4f1660207dd88ee4857f23c0bda3dc002d748d3e',9497745417,''),(73,'Wilburn','Franecki','hilll.armando@example.org','be03321ba7196a5a9b0727155865c19d58504eec',9361223801,'\0'),(74,'Cody','Weber','ujacobs@example.com','09d61cbc75a15207c8726c0f0735458ad606f9ac',9741112229,'\0'),(75,'Summer','Smitham','o\'reilly.lesley@example.net','267a44ca7a85302e57a01b4000dad2c3d91e2eb6',9096081315,''),(76,'Alexys','Gerlach','sweber@example.net','1938bbed3854477c6fd35244af96d0fb977cb315',9501266196,''),(77,'Ofelia','Johnson','haley.carlotta@example.com','9d98c40a27cb525dfcea7ae1b3c2326f68f63525',9851063211,'\0'),(78,'Clyde','Stiedemann','aufderhar.coy@example.com','285d157160b3c6e6f230a2befa2546fb98cbc9d7',9214616860,'\0'),(79,'Barry','Bartoletti','yasmine.haley@example.com','212fd6870cb5f0120e7e58e13e519cc1d7f15a0b',9941355890,'\0'),(80,'Fabiola','Sporer','gcremin@example.net','459214ae121e12113ebed7c172667af33e85fd19',9398377992,'\0'),(81,'Jayce','Klein','terry.crystel@example.com','92b8ec166242f33e76b9161b3a6dfba16a1e531f',9016135833,''),(82,'Hans','Gerhold','alberto11@example.com','3b3062115d0e5bdd686fcf10d87d39ede7f9403e',9156208991,''),(83,'Eulalia','Mraz','mraz.dulce@example.com','874300fe3fe471bd09ed915e2231cab904af2ab6',9349604786,'\0'),(84,'Geraldine','Herman','zemlak.neil@example.org','fb2c83a363d99368285ffc2222715ca79d706c2d',9140739801,''),(85,'Chelsea','Hamill','trinity01@example.com','a38d35a0f4fbc697b15bf6cc2c1c1d1feca7c90e',9632792854,'\0'),(86,'Gerda','Stokes','geo.nolan@example.com','beee117e07494c49f196b4bd6eb40a9fc88ecce7',9811322494,'\0'),(87,'Mallie','Goyette','joberbrunner@example.org','1335048a1d239a1b5da68a44f0c26ea02d4c6769',9826174721,'\0'),(88,'Kayley','Williamson','elena76@example.org','7e62e07a76d331c296c9ee118f924272470ee965',9511341076,'\0'),(89,'Cade','Mayert','gconroy@example.org','1a631078ff0943a5b166fbd9a20b4aa3a1001b22',9387521668,''),(90,'Lisa','Lockman','marcus72@example.net','72e4e72eb22c05637e92a477b24c3c83e3875f86',9219071298,''),(91,'Bennie','Towne','ethan34@example.net','583d7f580209f7afe4db7ec0122ffed7ff13cf86',9933606794,''),(92,'Micah','Luettgen','moen.keven@example.com','b8601a602a3426cefb2fe55aeecebce6d77e7f28',9983475203,''),(93,'Nikolas','Howe','marvin.danny@example.net','778b8b65c08bd587c06a8e3a18626fdc90c20d44',9148393292,'\0'),(94,'Anahi','Dare','kdicki@example.net','375cb8bcbbf38d12e65b5017b4473f734341174e',9141502540,''),(95,'Wava','Macejkovic','klocko.evalyn@example.org','20627b94c3639e26a784303147e91edc09344565',9610932370,'\0'),(96,'Dorian','Gaylord','marcos.rolfson@example.org','0feff93cee604768c9a564ddb5e4f23b8c622fb1',9725992316,'\0'),(97,'Kyra','O\'Kon','araceli80@example.net','aa3e4afa00217e83314d2acc4ebb7ae79ce843e3',9301681076,'\0'),(98,'Emilia','Lubowitz','aisha58@example.org','afaeb4c2fe3dd83f919b145b696271c5fdb23e2e',9731657556,'\0'),(99,'Phoebe','Mosciski','charley80@example.org','86142831af3441601302f44744ab3fcdc2daa5ab',9065428693,''),(100,'Nedra','Gulgowski','sadie00@example.org','6fc17d91b9ac827d7de8b4647b86a1c0f90f72f1',9337088289,'\0');
/*!40000 ALTER TABLE `users` ENABLE KEYS */;
UNLOCK TABLES;

--
-- Table structure for table `users_communities`
--

DROP TABLE IF EXISTS `users_communities`;
/*!40101 SET @saved_cs_client     = @@character_set_client */;
/*!40101 SET character_set_client = utf8 */;
CREATE TABLE `users_communities` (
  `user_id` bigint(20) unsigned NOT NULL,
  `community_id` bigint(20) unsigned NOT NULL,
  PRIMARY KEY (`user_id`,`community_id`),
  KEY `community_id` (`community_id`),
  CONSTRAINT `users_communities_ibfk_1` FOREIGN KEY (`user_id`) REFERENCES `users` (`id`) ON DELETE CASCADE ON UPDATE CASCADE,
  CONSTRAINT `users_communities_ibfk_2` FOREIGN KEY (`community_id`) REFERENCES `communities` (`id`) ON DELETE CASCADE ON UPDATE CASCADE
) ENGINE=InnoDB DEFAULT CHARSET=utf8mb4 COLLATE=utf8mb4_unicode_ci;
/*!40101 SET character_set_client = @saved_cs_client */;

--
-- Dumping data for table `users_communities`
--

LOCK TABLES `users_communities` WRITE;
/*!40000 ALTER TABLE `users_communities` DISABLE KEYS */;
INSERT INTO `users_communities` VALUES (1,1),(2,2),(3,3),(4,4),(5,5),(6,6),(7,7),(8,8),(9,9),(10,10),(11,11),(12,12),(13,13),(14,14),(15,15),(16,16),(17,17),(18,18),(19,19),(20,20),(21,21),(22,22),(23,23),(24,24),(25,25),(26,26),(27,27),(28,28),(29,29),(30,30),(31,31),(32,32),(33,33),(34,34),(35,35),(36,36),(37,37),(38,38),(39,39),(40,40),(41,41),(42,42),(43,43),(44,44),(45,45),(46,46),(47,47),(48,48),(49,49),(50,50),(51,51),(52,52),(53,53),(54,54),(55,55),(56,56),(57,57),(58,58),(59,59),(60,60),(61,61),(62,62),(63,63),(64,64),(65,65),(66,66),(67,67),(68,68),(69,69),(70,70),(71,71),(72,72),(73,73),(74,74),(75,75),(76,76),(77,77),(78,78),(79,79),(80,80),(81,81),(82,82),(83,83),(84,84),(85,85),(86,86),(87,87),(88,88),(89,89),(90,90),(91,91),(92,92),(93,93),(94,94),(95,95),(96,96),(97,97),(98,98),(99,99),(100,100);
/*!40000 ALTER TABLE `users_communities` ENABLE KEYS */;
UNLOCK TABLES;

--
-- Table structure for table `wall`
--

DROP TABLE IF EXISTS `wall`;
/*!40101 SET @saved_cs_client     = @@character_set_client */;
/*!40101 SET character_set_client = utf8 */;
CREATE TABLE `wall` (
  `id` bigint(20) unsigned NOT NULL AUTO_INCREMENT,
  `from_user_id` bigint(20) unsigned NOT NULL,
  `to_user_id` bigint(20) unsigned NOT NULL,
  `body` text COLLATE utf8mb4_unicode_ci DEFAULT NULL,
  `created_at` datetime DEFAULT current_timestamp(),
  PRIMARY KEY (`id`),
  KEY `from_user_id` (`from_user_id`),
  KEY `to_user_id` (`to_user_id`),
  CONSTRAINT `wall_ibfk_1` FOREIGN KEY (`from_user_id`) REFERENCES `users` (`id`) ON DELETE CASCADE ON UPDATE CASCADE,
  CONSTRAINT `wall_ibfk_2` FOREIGN KEY (`to_user_id`) REFERENCES `users` (`id`) ON DELETE CASCADE ON UPDATE CASCADE
) ENGINE=InnoDB AUTO_INCREMENT=101 DEFAULT CHARSET=utf8mb4 COLLATE=utf8mb4_unicode_ci;
/*!40101 SET character_set_client = @saved_cs_client */;

--
-- Dumping data for table `wall`
--

LOCK TABLES `wall` WRITE;
/*!40000 ALTER TABLE `wall` DISABLE KEYS */;
INSERT INTO `wall` VALUES (1,1,1,'Accusamus harum nulla aperiam aut rerum repellendus molestiae. Vitae quas ad vel doloribus autem aut. Corporis culpa velit ipsa ratione velit voluptatem id.','2003-08-18 03:39:37'),(2,2,2,'Illo qui veritatis rerum voluptate eius facilis. Rerum odit dicta atque iste. Dolores quibusdam ea voluptas enim provident.','1973-07-05 18:49:17'),(3,3,3,'Ut ut et unde porro blanditiis aliquam possimus. Amet facilis et adipisci velit qui quo commodi. Delectus et mollitia aut voluptas voluptate et est.','1998-11-10 01:58:30'),(4,4,4,'Minima eum deleniti similique vero dolor quia minima. Quos est iste rem doloribus. Fugiat nihil unde vitae deserunt tempore consequatur.','1999-10-31 07:53:57'),(5,5,5,'Magnam et adipisci aliquid iusto. Labore omnis velit incidunt recusandae magnam. Itaque est vero qui corporis ab. Ipsum doloribus nulla voluptas necessitatibus maiores. Autem cum consectetur exercitationem ut aut facere tempora vel.','2007-11-28 01:56:57'),(6,6,6,'Nihil quibusdam delectus reiciendis ipsam illum ea. Dolor corporis qui fugit veritatis. A voluptas voluptatem consequatur non vel. Nemo molestias aut corporis et sed laboriosam.','1986-03-07 10:26:19'),(7,7,7,'Dolores veniam omnis est earum qui consectetur aut. Provident aperiam sint veritatis iste cumque. Labore ipsum in consequatur sit iure dolores.','2017-12-25 01:45:29'),(8,8,8,'Blanditiis aliquid enim quod recusandae. Corporis ipsam soluta illum esse. Sapiente non quam quae eaque. Fuga architecto dolorem voluptas et quasi voluptas.','2003-11-05 15:11:49'),(9,9,9,'Ex tempore veritatis in earum provident neque assumenda odit. Sapiente pariatur dolorum in id. Placeat modi voluptas at molestiae nam. Quisquam occaecati laborum et sit.','2003-08-10 06:59:38'),(10,10,10,'Officiis ut ut impedit porro sapiente dolor vel. Dolorem aliquam aut voluptas nostrum corporis.','1981-04-01 11:02:09'),(11,11,11,'Facere dolor ipsa quia sed repellat recusandae illum. Dolor sed velit quam eaque qui voluptatum. Eos numquam repellendus velit exercitationem quae. Ex consequuntur voluptate et. Et reiciendis optio aliquid.','2002-04-04 19:38:36'),(12,12,12,'Aliquid error qui qui quam. Odit excepturi ex iste totam. Qui eligendi sed quo repellendus culpa doloremque dolor.','1977-08-11 14:00:37'),(13,13,13,'Eum numquam saepe sequi officiis. Provident quasi excepturi aperiam quibusdam. Molestiae amet nostrum soluta ut.','1984-06-07 10:04:13'),(14,14,14,'Est illum nihil non eos laborum. Est dolorem impedit architecto amet dolorem officia molestias. Quas aut numquam quia dolore sit consequatur doloremque.','2018-03-12 11:01:54'),(15,15,15,'Ducimus ipsum commodi quia debitis quas eum. Recusandae sit dolorum saepe impedit aliquid consequatur reprehenderit. Veritatis illum et placeat fuga possimus occaecati. Earum ut quis doloremque repellendus quo.','2006-09-13 00:09:40'),(16,16,16,'Est ea accusantium unde. Est ut molestiae quam provident. Repellat excepturi error aut fuga ut enim totam. Et quas quia laborum temporibus eos ipsam.','1995-08-07 21:27:22'),(17,17,17,'Rem sunt fugiat enim sint est voluptatibus. Qui provident fugit doloribus in dicta ut blanditiis. Dolorem deserunt enim quidem ullam. Nesciunt ut et sequi est. Magnam vitae magnam sed reiciendis sapiente aut qui enim.','2006-12-24 19:45:50'),(18,18,18,'Dolorem quisquam voluptas fugit ratione. Corporis suscipit suscipit ullam sed dicta et dolorem. Atque ullam facilis reprehenderit animi.','1999-06-23 22:58:04'),(19,19,19,'Dolor id qui laboriosam dignissimos consequatur. Quasi fugit provident et voluptatem quam repudiandae. Velit voluptas aspernatur vitae in.','1996-11-24 21:29:35'),(20,20,20,'Impedit beatae cupiditate aliquam laborum recusandae aperiam pariatur. Nostrum voluptatum magni voluptates tempore quam. Iure molestiae dolorem quis veniam sed vel placeat. Officia consequatur voluptatum ipsam saepe.','1986-04-18 18:47:04'),(21,21,21,'Cumque est laudantium debitis sed. Ut rerum quod voluptatem. Corporis est voluptas officia est veniam perspiciatis incidunt. Non temporibus est laboriosam.','2000-09-04 05:26:04'),(22,22,22,'Excepturi labore excepturi et et cum nobis illo. Rerum officia occaecati rem modi impedit illo. Minima laboriosam nisi est quibusdam nulla. Quia voluptatem totam quia eum ab nobis. Reprehenderit vitae quis doloremque qui earum.','1982-11-12 20:36:27'),(23,23,23,'Laudantium incidunt sit dignissimos aut vel illum. Quae sunt dicta occaecati culpa. Numquam et eaque itaque nulla non labore. Itaque officia animi nobis explicabo enim eligendi quidem.','1987-03-02 15:18:57'),(24,24,24,'Dolores tempora expedita excepturi nihil odit. Et doloremque ut voluptate quia qui. Quod eos quae vero qui voluptas placeat. Et fugit mollitia soluta.','1983-04-01 23:00:14'),(25,25,25,'Eum omnis eum expedita sed. Rerum nemo et fugit vitae aperiam sunt. Soluta ut esse ad hic.','2011-06-19 11:23:57'),(26,26,26,'Nostrum similique impedit distinctio et labore cum aliquam perspiciatis. Ab corporis nesciunt qui et reiciendis provident. Ut soluta atque voluptatem. Quidem et minus et error quia.','1978-06-11 05:19:53'),(27,27,27,'Tempora provident natus voluptatum aut qui et eaque. At autem voluptas delectus consequatur hic minus aut. Non architecto expedita nihil est est quisquam voluptatem quis. Qui velit nemo deleniti eaque error et.','2007-07-02 22:47:28'),(28,28,28,'Consequatur dolorum fugiat mollitia alias omnis consequatur suscipit eum. Quibusdam quam aperiam adipisci vel pariatur eaque qui. Corrupti quia non ratione mollitia doloribus consequatur ut.','1974-12-03 17:28:20'),(29,29,29,'Atque aut minus aliquam quae provident veniam dolor. Corporis non consequatur hic consequatur quibusdam. Repellat corporis amet corporis omnis eligendi porro voluptatem.','1992-03-09 22:40:14'),(30,30,30,'Quam aut ipsa doloremque doloribus dolores et. Sed enim hic velit ipsum. Atque excepturi ex eaque odit.','2007-07-09 10:51:46'),(31,31,31,'Doloremque consequatur nihil fugiat. Et impedit blanditiis aut. Rerum ut dolorem magni deleniti officiis.','2000-06-28 12:12:54'),(32,32,32,'Dolorem excepturi esse quisquam accusantium. Ut minima porro officia hic ipsam. Placeat et est asperiores quia temporibus. Nostrum cum provident vitae quod. Sint et illum eligendi qui eos enim blanditiis.','1998-02-03 08:03:14'),(33,33,33,'Id dolores molestias exercitationem et accusamus molestiae in. Beatae sunt ut veniam occaecati. Nisi quis quae explicabo sint quis.','2010-03-16 21:10:03'),(34,34,34,'Rem quia quia commodi unde alias ipsum consequuntur. Non fugit et ipsam est id architecto incidunt. A quisquam a qui est quia.','2006-07-21 15:50:48'),(35,35,35,'Enim ut et libero quia illum. Aut laudantium enim sed nemo recusandae vero dolorum deleniti. Quis et sed debitis in minima in enim temporibus.','1973-03-14 00:31:31'),(36,36,36,'Quas voluptatum ut ut non. Rerum alias ea aut autem ut debitis.','2009-07-20 12:35:16'),(37,37,37,'Voluptatem cupiditate modi sint ut sit at. Ut error enim non soluta ut labore. Quia occaecati delectus sed qui est nisi.','1983-11-09 17:07:05'),(38,38,38,'Qui aliquid tempore exercitationem eligendi enim accusantium minima magni. Hic quod sint ut aut. Facere nemo quos explicabo ex. Earum tempore voluptas corrupti occaecati. Inventore at ut aut quis.','1993-10-03 07:07:51'),(39,39,39,'Fugit eum iusto alias. Id est et necessitatibus repellendus inventore. Ipsam qui eum ea alias rerum quod dolore. Ab error ducimus iste ducimus quidem recusandae in.','1981-06-19 20:40:23'),(40,40,40,'Quam accusamus qui commodi. Eius inventore ut eos et ut earum est. Et natus quia sed omnis et. Temporibus pariatur praesentium velit libero. Veniam doloremque velit ipsum repudiandae.','1997-02-03 17:29:13'),(41,41,41,'Magnam eos cumque et et dolor nulla dicta. Iure et nulla nihil amet. Et tempora quo labore fugiat ratione enim quos illum. Quibusdam et magnam sit repellat itaque.','1988-11-21 15:13:00'),(42,42,42,'Est nemo et ullam error accusamus aspernatur magni. Rerum incidunt voluptatibus voluptates repellat. Similique in omnis odio iste.','1972-05-04 12:44:04'),(43,43,43,'Et corrupti voluptas quidem ut incidunt magnam fugiat. Quia autem veniam ea inventore ut ad. Aperiam cumque maxime distinctio non. Necessitatibus fuga facere quidem ut aliquam impedit.','2013-06-03 01:35:39'),(44,44,44,'Dolore eos minus velit ut ut impedit. Sit nisi quo tenetur magni dolor. Consequatur fugit porro omnis iure.','1995-03-14 17:44:14'),(45,45,45,'Vel numquam consequatur molestiae ut quia reprehenderit nihil. Ut ea modi eaque et aut doloremque. Ut labore sit itaque quo et ratione. Magnam neque ut veritatis.','2018-05-14 11:49:42'),(46,46,46,'Fuga est molestiae atque natus. Vitae enim repellendus nulla modi ipsa enim tempora tempore. Nesciunt a officiis quos dolor.','2021-05-02 20:56:34'),(47,47,47,'Saepe et eius molestias. Et placeat eaque ut tempore eligendi aliquid similique rerum. Aspernatur soluta id repudiandae optio eius voluptas.','1993-11-22 08:32:38'),(48,48,48,'Repellat consectetur voluptatem error quia nihil neque. Quos dignissimos iusto est ipsam modi sed sit. Dolorem sed eum et corrupti. Deserunt adipisci eligendi quia delectus veniam exercitationem.','2005-06-29 13:35:41'),(49,49,49,'Optio quam commodi provident. Molestiae distinctio neque atque sit et. Consequatur qui tempore ut pariatur rem aspernatur laudantium. Alias est id ex expedita minus eos.','2022-02-21 23:42:34'),(50,50,50,'Dolor incidunt tempora aut harum esse. Ut velit totam quae molestiae nihil praesentium. Ut perspiciatis fuga ut repellendus dolore quia.','1971-07-21 09:02:25'),(51,51,51,'Quisquam veritatis doloribus error. Velit est sint impedit in animi iusto vel.','1975-06-11 07:35:33'),(52,52,52,'Tenetur est illo ut doloribus magnam. Nisi dolorum laboriosam rerum possimus esse dolore quisquam. Magni aut voluptas animi natus aut harum autem impedit.','1992-05-15 00:23:28'),(53,53,53,'Ab laborum qui assumenda quisquam hic aut. Minus excepturi est omnis ut voluptatem laborum aliquid. Nemo illum ea animi voluptatem.','2006-06-04 17:07:56'),(54,54,54,'Ad quis nisi asperiores ullam minima ut. Totam incidunt aspernatur expedita. Dolores velit maiores saepe aut modi debitis.','1996-01-20 13:45:20'),(55,55,55,'Beatae ratione reprehenderit itaque aut omnis eum. Eligendi at cupiditate sint placeat architecto. Et cupiditate qui eveniet illo dolore similique qui.','2018-05-01 08:46:30'),(56,56,56,'Esse minus repellat nam ducimus iste. Qui assumenda sit aut pariatur. Unde eum cupiditate autem voluptate impedit non omnis.','1988-06-04 19:43:15'),(57,57,57,'Delectus hic molestiae voluptatem nobis quasi maiores rerum temporibus. Nostrum quam facilis voluptatem quo provident velit et. Est molestiae et necessitatibus.','1996-09-11 08:44:56'),(58,58,58,'Mollitia consequatur ut libero suscipit repellendus quo deserunt dolorem. Tenetur sit officiis iusto libero quis.','1973-11-01 11:51:19'),(59,59,59,'Et debitis aut non ratione. Sed aut officiis dignissimos sit. Officiis aut at sapiente quae.','1997-11-14 13:22:13'),(60,60,60,'Dignissimos labore aut est quia. Nihil voluptatibus quas quis sit neque fugit eos. Fugit dignissimos soluta odio voluptas.','2015-06-02 00:36:18'),(61,61,61,'Ad modi eum eveniet sunt et ea. Ut excepturi illum repellendus vero aut velit blanditiis fugit. Aut quod nostrum blanditiis similique. Et assumenda id sapiente dolorem non quaerat culpa. Qui quia voluptate vel animi est.','2002-02-28 06:18:59'),(62,62,62,'Excepturi asperiores praesentium illum vitae est facere corporis. Quasi totam modi est error est. Qui non modi aut esse voluptatem. Beatae sit ab quaerat alias.','1998-04-06 23:08:49'),(63,63,63,'Tempore qui consequatur est ea. Eaque tempore molestiae soluta neque ratione. Ut architecto dolorem voluptas doloribus consequatur fugiat.','2022-03-19 08:01:49'),(64,64,64,'Qui voluptatem repudiandae accusantium a eos. Et aut aut quas sint. Sit ut voluptatem eos eum. Repellat nam amet atque asperiores.','2019-02-10 10:11:53'),(65,65,65,'Exercitationem quis id dolor iusto ipsum. Magni quidem consequuntur nisi sequi repudiandae. Velit vel dolores et ratione reprehenderit et. Consequatur omnis nam et aut corrupti hic repudiandae.','1993-12-27 21:01:10'),(66,66,66,'Totam unde iste aut. Vero voluptatum vitae animi velit fugit. Assumenda culpa quia in illum veritatis nesciunt. Architecto veniam reprehenderit molestiae exercitationem.','2022-03-30 19:50:25'),(67,67,67,'Deleniti illo numquam ut est. Nemo recusandae dicta amet dolorem voluptas aut minus. Laudantium quam vel cumque rerum est consequatur.','1978-02-02 06:57:42'),(68,68,68,'Dolor dolorem omnis provident. Dolores velit qui aperiam. Voluptas dolore incidunt earum harum eum.','2015-03-08 16:16:56'),(69,69,69,'In quae rem reprehenderit est assumenda repellendus officiis repudiandae. Voluptas enim vel aperiam cupiditate. Dolor nesciunt adipisci ad et.','1983-09-15 08:22:32'),(70,70,70,'Accusamus omnis cupiditate qui aut deleniti amet. Voluptatum veritatis iste consequuntur debitis. Fugit dolore assumenda aperiam consectetur quo et illo.','1970-05-21 02:26:43'),(71,71,71,'Aut quos placeat voluptas repellat sint non necessitatibus quam. Dolorum odit reprehenderit quis at ex laborum dolor. Voluptas saepe accusamus laborum dignissimos facere porro sint libero.','2016-08-23 14:51:20'),(72,72,72,'Quod tempore tenetur est delectus. Sint impedit aut eos fugiat incidunt quae modi. Ipsum ullam similique quisquam.','1980-03-12 03:46:45'),(73,73,73,'Dolorem tempora molestiae commodi. Sint neque officia nam et eaque consectetur perferendis. Ut et facilis error eos in.','2019-12-29 03:10:46'),(74,74,74,'Dicta autem ipsam maxime reiciendis et ipsum sint. Sint aperiam quis facere distinctio non. Alias itaque et reprehenderit amet reiciendis eligendi nostrum. Minima consequatur ut cumque eligendi expedita quo. Quae est repudiandae sed possimus enim rerum.','1970-11-30 16:53:52'),(75,75,75,'Et sint officiis est et nemo. Est dolor quae nulla quia dolorem est. Qui accusamus dolor aut ab officia perspiciatis ullam.','1996-12-18 00:09:34'),(76,76,76,'Dolore nesciunt eligendi iure repellat quae. Itaque harum in consequatur non.','1983-03-11 18:22:59'),(77,77,77,'Iste repudiandae est et ex eveniet error voluptatem. Saepe vitae dolores et quasi est magnam quidem. Ab natus fugit aut non sit ea. Voluptates autem amet ex autem et distinctio.','2004-07-25 06:01:52'),(78,78,78,'Recusandae debitis consequatur eos harum beatae at quibusdam. Excepturi rem nihil sit. Ex voluptatibus qui sed iure quia. Earum aliquid et non quos eius sequi quisquam.','2008-09-11 23:36:40'),(79,79,79,'Saepe repudiandae et molestiae sapiente. Ipsum nobis commodi reprehenderit illum doloribus. Doloremque voluptate excepturi porro error dolorum occaecati aut officiis. Accusamus voluptas quasi eius possimus recusandae asperiores. Dolorem magni incidunt dolores doloribus dolorem natus distinctio.','2021-02-05 18:33:58'),(80,80,80,'Consequuntur nobis aut nobis et atque explicabo a. Nisi consectetur omnis ab enim nihil harum. Suscipit deleniti blanditiis consequatur enim impedit ipsa.','1972-03-01 07:10:54'),(81,81,81,'Quia delectus at reiciendis optio sequi ullam repellendus. Doloribus quos illo et et exercitationem. Expedita ullam at laudantium ut. Quod aut perferendis corrupti tempore consectetur alias et nihil.','2000-02-23 10:07:47'),(82,82,82,'Amet molestiae provident et et. Enim voluptatem enim sed odio. Ut voluptatem est et maxime. Dolor consequatur tempore numquam libero harum natus est.','2007-10-18 01:45:09'),(83,83,83,'Quos corrupti neque voluptatum vel architecto corporis. Recusandae possimus repellendus occaecati et aut. Et magni minima iusto hic cum. Consequatur sunt consequatur velit atque ipsum. Repudiandae voluptatem excepturi unde quasi sit explicabo in.','2018-10-22 10:03:44'),(84,84,84,'Provident ipsa quia culpa et eos in. Sed est dolor magnam a. Qui nisi vel ullam est aut. Inventore et vel ullam veniam.','1998-10-12 12:21:25'),(85,85,85,'Minima eaque voluptatem aliquam. Sint et iusto in provident omnis enim excepturi. Magni ea expedita iste sit qui est deserunt. Eum voluptates recusandae nesciunt error est.','1972-08-12 06:24:21'),(86,86,86,'Ea omnis at sunt. Et quia facilis alias aliquid eos quod. Ipsam eos rerum est reprehenderit. Alias omnis voluptatem voluptatibus aut.','1990-05-07 00:02:55'),(87,87,87,'Libero similique sed nulla voluptatum beatae fugiat. Ea dolorem tenetur architecto minus recusandae totam sapiente nesciunt.','2020-02-11 22:44:05'),(88,88,88,'Asperiores veritatis officia alias perspiciatis dolorem accusantium a. Veniam dolore odio est iure quia voluptatum dolorum beatae. Cumque id quasi aut.','1973-01-27 01:30:25'),(89,89,89,'Quod a et odio fuga est cumque. Amet iure et delectus aut aperiam repellat dolore. Tempora aut occaecati dolores veritatis corporis sit.','1980-01-05 18:21:37'),(90,90,90,'Vel quas dolor ab velit inventore. Temporibus dolor inventore voluptatum et nihil ut porro quaerat. Magnam cupiditate officia dolore quia.','2014-07-03 20:17:58'),(91,91,91,'Provident provident aliquam ad. Quo quia corrupti consequuntur adipisci velit. Fugiat a architecto suscipit ut.','2000-02-23 10:53:58'),(92,92,92,'Voluptas ratione deserunt corrupti rem unde unde. Reiciendis consequuntur temporibus eum suscipit. Quas provident autem quia assumenda recusandae nihil. Natus iusto hic cumque illum iure ut totam sint.','2021-01-14 10:46:44'),(93,93,93,'Porro qui ipsa beatae amet. Sequi nihil qui sit rerum repudiandae. Velit perspiciatis neque ea at aperiam. Vel culpa praesentium eos ipsam qui iste.','1986-09-29 12:32:29'),(94,94,94,'Reiciendis quia temporibus rerum porro deleniti nulla. Ea sunt dolores consequatur voluptas qui qui quos eveniet. Voluptatem a aperiam eum rerum. Aut eum delectus rerum aut.','1979-03-02 13:12:40'),(95,95,95,'Commodi dolorem enim ut. Numquam et et ad ea consequatur veniam quia. Et qui nobis molestias repellat dolores voluptatibus est.','2004-10-31 04:43:09'),(96,96,96,'Eveniet quos et officia eum et cum. Facilis optio dolorem hic ex quaerat odio. Quis aut cum magni nihil. Non ea esse rerum quaerat est voluptatem.','2021-12-27 23:22:16'),(97,97,97,'Aut nihil tempora atque ipsa voluptate ea minima. Optio atque exercitationem fuga tempore voluptates rem. Dicta eveniet illum est occaecati eum enim vel.','2000-05-06 15:42:15'),(98,98,98,'Sint consequuntur maiores libero vel. Hic officiis sunt autem blanditiis consectetur. Quia voluptatem nihil corporis enim aut.','1995-12-16 00:20:28'),(99,99,99,'Quidem molestias odio modi facilis consectetur impedit. Omnis harum nulla id quia dolore vero. Commodi dolor architecto quibusdam.','1978-01-10 07:53:52'),(100,100,100,'Quis ea quia nisi aliquam non asperiores. Odit distinctio eligendi dolorem facilis quo et. In earum atque possimus illum ut qui suscipit.','2013-10-30 16:42:19');
/*!40000 ALTER TABLE `wall` ENABLE KEYS */;
UNLOCK TABLES;
/*!40103 SET TIME_ZONE=@OLD_TIME_ZONE */;

/*!40101 SET SQL_MODE=@OLD_SQL_MODE */;
/*!40014 SET FOREIGN_KEY_CHECKS=@OLD_FOREIGN_KEY_CHECKS */;
/*!40014 SET UNIQUE_CHECKS=@OLD_UNIQUE_CHECKS */;
/*!40101 SET CHARACTER_SET_CLIENT=@OLD_CHARACTER_SET_CLIENT */;
/*!40101 SET CHARACTER_SET_RESULTS=@OLD_CHARACTER_SET_RESULTS */;
/*!40101 SET COLLATION_CONNECTION=@OLD_COLLATION_CONNECTION */;
/*!40111 SET SQL_NOTES=@OLD_SQL_NOTES */;

-- Dump completed on 2022-04-30 19:13:26
